,Topic,Count,Name,-1
0,-1.0,26.0,-1_region_energy_impact_data,"('region', 0.042266554965356355)"
1,,,,"('energy', 0.03332462584562186)"
2,,,,"('impact', 0.03332462584562186)"
3,,,,"('data', 0.029779445773375508)"
4,,,,"('model', 0.029779445773375508)"
5,,,,"('future', 0.02857008151659997)"
6,,,,"('strategy', 0.02857008151659997)"
7,,,,"('trend', 0.0273456902600612)"
8,,,,"('development', 0.026105427220792364)"
9,,,,"('heat', 0.026105427220792364)"
