,Topic,Count,Name,-1
0,-1.0,46.0,-1_policy_approach_risk_impact,"('policy', 0.04550716884969462)"
1,,,,"('approach', 0.036650165907908865)"
2,,,,"('risk', 0.03411671692346158)"
3,,,,"('impact', 0.029759421453590784)"
4,,,,"('based', 0.029759421453590784)"
5,,,,"('term', 0.0288655759380256)"
6,,,,"('system', 0.02796360582699106)"
7,,,,"('need', 0.02613394941858587)"
8,,,,"('energy', 0.025205519788713562)"
9,,,,"('challenge', 0.025205519788713562)"
