,Topic,Count,Name,-1
0,-1.0,60.0,-1_risk_policy_management_in,"('risk', 0.04491019658624732)"
1,,,,"('policy', 0.029772672184573176)"
2,,,,"('management', 0.028648402615659783)"
3,,,,"('in', 0.028648402615659783)"
4,,,,"('disaster', 0.028081451705069475)"
5,,,,"('development', 0.028081451705069475)"
6,,,,"('three', 0.026937508229920654)"
7,,,,"('approach', 0.026937508229920654)"
8,,,,"('urban', 0.026937508229920654)"
9,,,,"('health', 0.026937508229920654)"
