,Topic,Count,Name,-1
0,-1.0,10.0,-1_degree_carbon_in_lf,"('degree', 0.23031897870199725)"
1,,,,"('carbon', 0.1770758340035135)"
2,,,,"('in', 0.10926586129582751)"
3,,,,"('lf', 0.10926586129582751)"
4,,,,"('third', 0.10926586129582751)"
5,,,,"('terrestrial', 0.10926586129582751)"
6,,,,"('smith', 0.10926586129582751)"
7,,,,"('quantifying', 0.10926586129582751)"
8,,,,"('potential', 0.10926586129582751)"
9,,,,"('permanganate', 0.10926586129582751)"
