,Topic,Count,Name,-1
0,-1.0,21.0,-1_water_resource_management_model,"('water', 0.13796469922825375)"
1,,,,"('resource', 0.05111176263355355)"
2,,,,"('management', 0.04957085268739651)"
3,,,,"('model', 0.04801278741960798)"
4,,,,"('scenario', 0.04484220442859958)"
5,,,,"('approach', 0.04322802572482143)"
6,,,,"('uncertainty', 0.04322802572482143)"
7,,,,"('system', 0.04322802572482143)"
8,,,,"('impact', 0.039937135015998944)"
9,,,,"('simulation', 0.034827034083568235)"
