,Topic,Count,Name,-1
0,-1.0,19.0,-1_coastal_sea_level_wave,"('coastal', 0.06716744182864247)"
1,,,,"('sea', 0.06465137612060422)"
2,,,,"('level', 0.05949881451859279)"
3,,,,"('wave', 0.05280724896208693)"
4,,,,"('model', 0.05143187564022744)"
5,,,,"('marsh', 0.048640588522150294)"
6,,,,"('rise', 0.039902131948226734)"
7,,,,"('region', 0.03371381498248876)"
8,,,,"('data', 0.03211231214942025)"
9,,,,"('relocation', 0.03211231214942025)"
