,Topic,Count,Name,-1
0,-1.0,57.0,-1_future_impact_model_health,"('future', 0.04080843130658028)"
1,,,,"('impact', 0.03912498504342117)"
2,,,,"('model', 0.0356854067715565)"
3,,,,"('health', 0.029090480490069803)"
4,,,,"('system', 0.029090480490069803)"
5,,,,"('global', 0.028469696971087526)"
6,,,,"('energy', 0.028469696971087526)"
7,,,,"('may', 0.028469696971087526)"
8,,,,"('temperature', 0.027844969258634434)"
9,,,,"('change', 0.02658323180548093)"
