,Topic,Count,Name,-1
0,-1.0,15.0,-1_tourism_local_region_mountain,"('tourism', 0.059260307198668385)"
1,,,,"('local', 0.04983979011898196)"
2,,,,"('region', 0.037616781673843615)"
3,,,,"('mountain', 0.037616781673843615)"
4,,,,"('policy', 0.037616781673843615)"
5,,,,"('management', 0.035457329370112464)"
6,,,,"('based', 0.035457329370112464)"
7,,,,"('response', 0.033256008491308935)"
8,,,,"('climatic', 0.033256008491308935)"
9,,,,"('scale', 0.033256008491308935)"
