,Topic,Count,Name,-1
0,-1.0,25.0,-1_food_agriculture_system_water,"('food', 0.0546729940467197)"
1,,,,"('agriculture', 0.04272306631499477)"
2,,,,"('system', 0.033646530591729694)"
3,,,,"('water', 0.03228933300028685)"
4,,,,"('plant', 0.03228933300028685)"
5,,,,"('analysis', 0.030914677152900274)"
6,,,,"('capacity', 0.02952157986245355)"
7,,,,"('mitigation', 0.02952157986245355)"
8,,,,"('need', 0.028108942069790692)"
9,,,,"('practice', 0.026675527065566598)"
