,Topic,Count,Name,-1
0,-1.0,55.0,-1_water_policy_challenge_risk,"('water', 0.07225338986184238)"
1,,,,"('policy', 0.03607050488722803)"
2,,,,"('challenge', 0.034329370624445354)"
3,,,,"('risk', 0.03374292787881775)"
4,,,,"('management', 0.03315334216777632)"
5,,,,"('impact', 0.03256054270080693)"
6,,,,"('planning', 0.030762104205105716)"
7,,,,"('area', 0.03015567392872167)"
8,,,,"('system', 0.029545622828789437)"
9,,,,"('approach', 0.0270672546627206)"
