,Topic,Count,Name,-1
0,-1.0,31.0,-1_coastal_management_approach_impact,"('coastal', 0.07580346007432306)"
1,,,,"('management', 0.04543851949244741)"
2,,,,"('approach', 0.044413705658210165)"
3,,,,"('impact', 0.04338080675806533)"
4,,,,"('sea', 0.03916312293128407)"
5,,,,"('decision', 0.03808571689674725)"
6,,,,"('risk', 0.03590098103552402)"
7,,,,"('social', 0.034792881269516435)"
8,,,,"('system', 0.034792881269516435)"
9,,,,"('level', 0.034792881269516435)"
