,Topic,Count,Name,-1
0,-1.0,47.0,-1_ecosystem_policy_management_environmental,"('ecosystem', 0.05577175256611262)"
1,,,,"('policy', 0.04328375904749689)"
2,,,,"('management', 0.04182223375693687)"
3,,,,"('environmental', 0.04034357377950338)"
4,,,,"('based', 0.03884696763317141)"
5,,,,"('ecological', 0.035796262308461696)"
6,,,,"('impact', 0.031060028582873062)"
7,,,,"('process', 0.031060028582873062)"
8,,,,"('framework', 0.03024986432081063)"
9,,,,"('social', 0.029433237868171588)"
