,Topic,Count,Name,-1
0,-1.0,50.0,-1_policy_impact_mitigation_development,"('policy', 0.0483157552961719)"
1,,,,"('impact', 0.03414358554237193)"
2,,,,"('mitigation', 0.030669731851594814)"
3,,,,"('development', 0.02996099764242895)"
4,,,,"('local', 0.02996099764242895)"
5,,,,"('action', 0.0285284603999614)"
6,,,,"('approach', 0.027804342915771267)"
7,,,,"('government', 0.026339546925813802)"
8,,,,"('environmental', 0.026339546925813802)"
9,,,,"('economic', 0.026339546925813802)"
