,Topic,Count,Name,-1
0,-1.0,49.0,-1_management_community_ecosystem_system,"('management', 0.04164402265254575)"
1,,,,"('community', 0.03849655106630561)"
2,,,,"('ecosystem', 0.037857140936476276)"
3,,,,"('system', 0.031936335997282635)"
4,,,,"('approach', 0.031936335997282635)"
5,,,,"('development', 0.030575875034346642)"
6,,,,"('impact', 0.029888886668480566)"
7,,,,"('environmental', 0.029888886668480566)"
8,,,,"('conservation', 0.02850073613297623)"
9,,,,"('resource', 0.027799287081835402)"
