,Topic,Count,Name,-1
0,-1.0,27.0,-1_water_model_future_uncertainty,"('water', 0.07646681326481335)"
1,,,,"('model', 0.07496538729291795)"
2,,,,"('future', 0.054973235889633945)"
3,,,,"('uncertainty', 0.04888131854214304)"
4,,,,"('river', 0.042508998840496345)"
5,,,,"('scenario', 0.03872103584415396)"
6,,,,"('projection', 0.036781765949981844)"
7,,,,"('impact', 0.03579993654557545)"
8,,,,"('result', 0.033810448013145)"
9,,,,"('change', 0.03075665676435508)"
