,Topic,Count,Name,-1
0,-1.0,37.0,-1_coastal_risk_sea_policy,"('coastal', 0.09415369702163023)"
1,,,,"('risk', 0.04669831146302802)"
2,,,,"('sea', 0.036588379405451905)"
3,,,,"('policy', 0.034129986146493874)"
4,,,,"('level', 0.03329837684097735)"
5,,,,"('future', 0.029905878677316387)"
6,,,,"('vulnerability', 0.02904008308423863)"
7,,,,"('strategy', 0.028166697968920053)"
8,,,,"('analysis', 0.027285428036025173)"
9,,,,"('impact', 0.027285428036025173)"
