,Topic,Count,Name,-1
0,-1.0,14.0,-1_coastal_community_level_sea,"('coastal', 0.08671302146773596)"
1,,,,"('community', 0.08141572320120373)"
2,,,,"('level', 0.0722310151563395)"
3,,,,"('sea', 0.06052003130134375)"
4,,,,"('rise', 0.05220295434754943)"
5,,,,"('natural', 0.050048310534498264)"
6,,,,"('impact', 0.050048310534498264)"
7,,,,"('local', 0.04786016574550491)"
8,,,,"('process', 0.04563650382259074)"
9,,,,"('strategy', 0.04337505603799265)"
