,Topic,Count,Name,-1
0,-1.0,22.0,-1_water_model_temperature_precipitation,"('water', 0.09465198150786669)"
1,,,,"('model', 0.07118513579212843)"
2,,,,"('temperature', 0.042760997162929984)"
3,,,,"('precipitation', 0.03679828883343371)"
4,,,,"('increase', 0.03679828883343371)"
5,,,,"('impact', 0.03432662460888126)"
6,,,,"('result', 0.03432662460888126)"
7,,,,"('indicator', 0.033070045397209424)"
8,,,,"('management', 0.033070045397209424)"
9,,,,"('data', 0.031798750316855896)"
