,Topic,Count,Name,-1
0,-1.0,40.0,-1_forest_management_ecosystem_model,"('forest', 0.08907056917267268)"
1,,,,"('management', 0.05097021635484681)"
2,,,,"('ecosystem', 0.028997835020557847)"
3,,,,"('model', 0.028213220254348876)"
4,,,,"('resilience', 0.028213220254348876)"
5,,,,"('natural', 0.027422255151999857)"
6,,,,"('result', 0.0266247103846635)"
7,,,,"('condition', 0.025820339623509575)"
8,,,,"('based', 0.025008877576352825)"
9,,,,"('carbon', 0.025008877576352825)"
