,Topic,Count,Name,-1
0,-1.0,16.0,-1_land_water_flood_ecosystem,"('land', 0.05117050688040819)"
1,,,,"('water', 0.04956590253361524)"
2,,,,"('flood', 0.04794268536686762)"
3,,,,"('ecosystem', 0.04794268536686762)"
4,,,,"('based', 0.04463702803436551)"
5,,,,"('potential', 0.04124594591125595)"
6,,,,"('management', 0.04124594591125595)"
7,,,,"('impact', 0.035978462320525456)"
8,,,,"('risk', 0.03416854859911847)"
9,,,,"('policy', 0.03416854859911847)"
