,Topic,Count,Name,-1
0,-1.0,26.0,-1_impact_model_uncertainty_decision,"('impact', 0.04639045527564429)"
1,,,,"('model', 0.04409421761039039)"
2,,,,"('uncertainty', 0.04175678745092879)"
3,,,,"('decision', 0.03571212443706598)"
4,,,,"('water', 0.03571212443706598)"
5,,,,"('scenario', 0.03192740652026126)"
6,,,,"('policy', 0.03192740652026126)"
7,,,,"('risk', 0.03063573336593952)"
8,,,,"('result', 0.03063573336593952)"
9,,,,"('resource', 0.029327692683531352)"
