,Topic,Count,Name,-1
0,-1.0,14.0,-1_level_sea_coastal_data,"('level', 0.07681321630180037)"
1,,,,"('sea', 0.0651540905472128)"
2,,,,"('coastal', 0.05422422010154763)"
3,,,,"('data', 0.04416538678117006)"
4,,,,"('risk', 0.04241369957504015)"
5,,,,"('mean', 0.0370062064102796)"
6,,,,"('model', 0.0370062064102796)"
7,,,,"('future', 0.03514770962837774)"
8,,,,"('uncertainty', 0.03325811096638066)"
9,,,,"('management', 0.03133515385768321)"
