,Topic,Count,Name,-1
0,-1.0,23.0,-1_coastal_community_shoreline_sea,"('coastal', 0.11475859850726698)"
1,,,,"('community', 0.04858037668497968)"
2,,,,"('shoreline', 0.04602213869439642)"
3,,,,"('sea', 0.0434140167581473)"
4,,,,"('beach', 0.0434140167581473)"
5,,,,"('level', 0.0434140167581473)"
6,,,,"('ecosystem', 0.03664808533635516)"
7,,,,"('rise', 0.03382973389699908)"
8,,,,"('erosion', 0.03382973389699908)"
9,,,,"('local', 0.03239329496233643)"
