,Topic,Count,Name,-1
0,-1.0,41.0,-1_coastal_community_risk_management,"('coastal', 0.08892593021477263)"
1,,,,"('community', 0.04835603781999298)"
2,,,,"('risk', 0.041893718214534054)"
3,,,,"('management', 0.03662948120941627)"
4,,,,"('impact', 0.03429936316543684)"
5,,,,"('local', 0.032718497612002816)"
6,,,,"('process', 0.032718497612002816)"
7,,,,"('strategy', 0.032718497612002816)"
8,,,,"('policy', 0.03191933217128193)"
9,,,,"('planning', 0.03111410036186037)"
