,Topic,Count,Name,-1
0,-1.0,55.0,-1_policy_energy_development_based,"('policy', 0.04527944279852476)"
1,,,,"('energy', 0.039385689887524465)"
2,,,,"('development', 0.03260976159497434)"
3,,,,"('based', 0.03143926986743335)"
4,,,,"('measure', 0.030849115734909168)"
5,,,,"('model', 0.029058053932464994)"
6,,,,"('mitigation', 0.0272342039459134)"
7,,,,"('analysis', 0.025998740277346808)"
8,,,,"('future', 0.025374796841803073)"
9,,,,"('approach', 0.024746544144175976)"
