,Topic,Count,Name,-1
0,-1.0,23.0,-1_temperature_region_permafrost_water,"('temperature', 0.05196535918100541)"
1,,,,"('region', 0.03303949221052622)"
2,,,,"('permafrost', 0.03303949221052622)"
3,,,,"('water', 0.031827369892379824)"
4,,,,"('effect', 0.031827369892379824)"
5,,,,"('cold', 0.03060120824637463)"
6,,,,"('mortality', 0.028103846833538348)"
7,,,,"('model', 0.028103846833538348)"
8,,,,"('period', 0.028103846833538348)"
9,,,,"('community', 0.026830987028410032)"
