,Topic,Count,Name,-1
0,-1.0,34.0,-1_wheat_water_crop_system,"('wheat', 0.03857814189689259)"
1,,,,"('water', 0.03857814189689259)"
2,,,,"('crop', 0.03681248813420127)"
3,,,,"('system', 0.035919563289044686)"
4,,,,"('region', 0.03501962306192202)"
5,,,,"('area', 0.03411243779661185)"
6,,,,"('production', 0.033197762515935515)"
7,,,,"('winter', 0.031344875651410795)"
8,,,,"('temperature', 0.031344875651410795)"
9,,,,"('river', 0.02945862994243185)"
