,Topic,Count,Name,-1
0,-1.0,47.0,-1_fishery_water_fish_coastal,"('fishery', 0.05529715730718734)"
1,,,,"('water', 0.03675555023985089)"
2,,,,"('fish', 0.03613023578641626)"
3,,,,"('coastal', 0.032303717752895436)"
4,,,,"('management', 0.028334840278320735)"
5,,,,"('effect', 0.028334840278320735)"
6,,,,"('impact', 0.02765784776079314)"
7,,,,"('fishing', 0.024900452980891673)"
8,,,,"('in', 0.024900452980891673)"
9,,,,"('strategy', 0.024900452980891673)"
