,Topic,Count,Name,-1
0,-1.0,33.0,-1_temperature_precipitation_increase_extreme,"('temperature', 0.060514390023027005)"
1,,,,"('precipitation', 0.05743209679415573)"
2,,,,"('increase', 0.043557738291154995)"
3,,,,"('extreme', 0.042696069547939815)"
4,,,,"('future', 0.03918928102117917)"
5,,,,"('warming', 0.037397402389633266)"
6,,,,"('model', 0.036491166483888615)"
7,,,,"('region', 0.033728585414909425)"
8,,,,"('change', 0.032792266091477756)"
9,,,,"('impact', 0.03184775587390172)"
