,Topic,Count,Name,-1
0,-1.0,41.0,-1_water_system_groundwater_management,"('water', 0.1316345529809511)"
1,,,,"('system', 0.04200926855745779)"
2,,,,"('groundwater', 0.04200926855745779)"
3,,,,"('management', 0.029886514462985)"
4,,,,"('effect', 0.029886514462985)"
5,,,,"('temperature', 0.028367339190516244)"
6,,,,"('impact', 0.027598888593708782)"
7,,,,"('model', 0.027598888593708782)"
8,,,,"('energy', 0.027598888593708782)"
9,,,,"('use', 0.02446095092061005)"
