,Topic,Count,Name,-1
0,-1.0,29.0,-1_coastal_carbon_ecosystem_sea,"('coastal', 0.05758655256299989)"
1,,,,"('carbon', 0.044422474415330315)"
2,,,,"('ecosystem', 0.04068597894443302)"
3,,,,"('sea', 0.036833223961797786)"
4,,,,"('level', 0.035850104724558476)"
5,,,,"('sediment', 0.03182920346257259)"
6,,,,"('marsh', 0.030800143634508725)"
7,,,,"('model', 0.028710597912523995)"
8,,,,"('water', 0.028710597912523995)"
9,,,,"('area', 0.025490239310194774)"
