,Topic,Count,Name,-1
0,-1.0,35.0,-1_forest_management_ecosystem_carbon,"('forest', 0.13813776962233223)"
1,,,,"('management', 0.045310240592112375)"
2,,,,"('ecosystem', 0.03935670295243275)"
3,,,,"('carbon', 0.03626840534847773)"
4,,,,"('scenario', 0.028151480864026055)"
5,,,,"('tree', 0.02644778672854082)"
6,,,,"('year', 0.02644778672854082)"
7,,,,"('growth', 0.025584246558456786)"
8,,,,"('national', 0.024712476154960788)"
9,,,,"('wilderness', 0.024712476154960788)"
