,Topic,Count,Name,-1
0,-1.0,20.0,-1_lake_water_impact_management,"('lake', 0.07059731924095532)"
1,,,,"('water', 0.056322146207800655)"
2,,,,"('impact', 0.03913186282424735)"
3,,,,"('management', 0.03481547040621126)"
4,,,,"('future', 0.033339630295322435)"
5,,,,"('policy', 0.03032604152330982)"
6,,,,"('also', 0.028785727099710078)"
7,,,,"('risk', 0.028785727099710078)"
8,,,,"('habitat', 0.0272210731408149)"
9,,,,"('river', 0.0256303190805984)"
