,Topic,Count,Name,-1
0,-1.0,24.0,-1_uncertainty_decision_risk_policy,"('uncertainty', 0.06398380973727036)"
1,,,,"('decision', 0.06053007095680312)"
2,,,,"('risk', 0.05580329664111031)"
3,,,,"('policy', 0.054598255466317365)"
4,,,,"('future', 0.04586830381518419)"
5,,,,"('model', 0.04326830938953578)"
6,,,,"('value', 0.037903024601851854)"
7,,,,"('analysis', 0.037903024601851854)"
8,,,,"('making', 0.03083128802660696)"
9,,,,"('option', 0.029359411115408685)"
