,Topic,Count,Name,-1
0,-1.0,65.0,-1_policy_impact_risk_vulnerability,"('policy', 0.045782310449622214)"
1,,,,"('impact', 0.0378675482005352)"
2,,,,"('risk', 0.03423523207687181)"
3,,,,"('vulnerability', 0.029932271683899392)"
4,,,,"('future', 0.0271483901654112)"
5,,,,"('planning', 0.026581890723625354)"
6,,,,"('model', 0.02601195234248833)"
7,,,,"('system', 0.02601195234248833)"
8,,,,"('need', 0.02486137796521472)"
9,,,,"('health', 0.02486137796521472)"
