,Topic,Count,Name,-1
0,-1.0,13.0,-1_policy_coastal_island_strategy,"('policy', 0.05797056304132535)"
1,,,,"('coastal', 0.05364779645024806)"
2,,,,"('island', 0.046912452713630946)"
3,,,,"('strategy', 0.04459216605512498)"
4,,,,"('management', 0.04459216605512498)"
5,,,,"('state', 0.039823229094622326)"
6,,,,"('development', 0.039823229094622326)"
7,,,,"('approach', 0.03486037046246455)"
8,,,,"('flood', 0.032295433911735755)"
9,,,,"('address', 0.029667381134482734)"
