,Topic,Count,Name,-1
0,-1.0,54.0,-1_policy_risk_health_planning,"('policy', 0.06323139277598042)"
1,,,,"('risk', 0.04003845011716231)"
2,,,,"('health', 0.03885663368956683)"
3,,,,"('planning', 0.03645738801030913)"
4,,,,"('governance', 0.03338627318851519)"
5,,,,"('impact', 0.03213352353495569)"
6,,,,"('adaptive', 0.030226209384288494)"
7,,,,"('urban', 0.030226209384288494)"
8,,,,"('approach', 0.028282649466945246)"
9,,,,"('development', 0.028282649466945246)"
