,Topic,Count,Name,-1
0,-1.0,10.0,-1_coastal_flooding_level_sea,"('coastal', 0.10836518622787793)"
1,,,,"('flooding', 0.05388830009508047)"
2,,,,"('level', 0.05388830009508047)"
3,,,,"('sea', 0.051071885537865146)"
4,,,,"('planning', 0.045264113294687054)"
5,,,,"('resident', 0.045264113294687054)"
6,,,,"('rise', 0.045264113294687054)"
7,,,,"('hazard', 0.04226305092395821)"
8,,,,"('shoreline', 0.03918928102117917)"
9,,,,"('port', 0.03918928102117917)"
