,Topic,Count,Name,-1
0,-1.0,34.0,-1_risk_health_policy_vulnerability,"('risk', 0.05765832495394242)"
1,,,,"('health', 0.05397917936906633)"
2,,,,"('policy', 0.05020565814609038)"
3,,,,"('vulnerability', 0.04334531438370377)"
4,,,,"('impact', 0.04131779545128016)"
5,,,,"('development', 0.03925688793246009)"
6,,,,"('framework', 0.037160324299819594)"
7,,,,"('planning', 0.03394284613173908)"
8,,,,"('action', 0.03394284613173908)"
9,,,,"('decision', 0.03174489934856704)"
