,Topic,Count,Name,-1
0,-1.0,13.0,-1_service_future_adaptive_program,"('service', 0.05607714585120743)"
1,,,,"('future', 0.04417714223316558)"
2,,,,"('adaptive', 0.04417714223316558)"
3,,,,"('program', 0.04166669913581723)"
4,,,,"('value', 0.04166669913581723)"
5,,,,"('strategy', 0.03910513079169491)"
6,,,,"('agricultural', 0.03910513079169491)"
7,,,,"('use', 0.03910513079169491)"
8,,,,"('farmer', 0.033810448013145)"
9,,,,"('decision', 0.033810448013145)"
