,Topic,Count,Name,-1
0,-1.0,11.0,-1_coastal_impact_level_sea,"('coastal', 0.0786734248869801)"
1,,,,"('impact', 0.05281152923739083)"
2,,,,"('level', 0.05281152923739083)"
3,,,,"('sea', 0.050633652176520924)"
4,,,,"('flooding', 0.04388762333703269)"
5,,,,"('vulnerability', 0.03918928102117917)"
6,,,,"('rise', 0.03918928102117917)"
7,,,,"('future', 0.034300835545329283)"
8,,,,"('using', 0.034300835545329283)"
9,,,,"('barrier', 0.034300835545329283)"
