,Topic,Count,Name,-1
0,-1.0,19.0,-1_urban_flood_water_benefit,"('urban', 0.09839907108193016)"
1,,,,"('flood', 0.057067429439904005)"
2,,,,"('water', 0.05162312297299038)"
3,,,,"('benefit', 0.043042391281911355)"
4,,,,"('city', 0.043042391281911355)"
5,,,,"('planning', 0.04005319155842057)"
6,,,,"('risk', 0.03853105751251639)"
7,,,,"('management', 0.03698933158689013)"
8,,,,"('area', 0.03698933158689013)"
9,,,,"('stormwater', 0.03698933158689013)"
