,Topic,Count,Name,-1
0,-1.0,10.0,-1_policy_mitigation_cost_case,"('policy', 0.12897504623363776)"
1,,,,"('mitigation', 0.07268902050725037)"
2,,,,"('cost', 0.0506484794516684)"
3,,,,"('case', 0.04664018193975585)"
4,,,,"('eea', 0.04664018193975585)"
5,,,,"('level', 0.04664018193975585)"
6,,,,"('model', 0.04664018193975585)"
7,,,,"('impact', 0.042508998840496345)"
8,,,,"('benefit', 0.042508998840496345)"
9,,,,"('however', 0.042508998840496345)"
