,Topic,Count,Name,-1
0,-1.0,28.0,-1_health_city_disaster_impact,"('health', 0.058134246933322455)"
1,,,,"('city', 0.039590172913731916)"
2,,,,"('disaster', 0.03747691914713304)"
3,,,,"('impact', 0.03532501373721625)"
4,,,,"('public', 0.033131432364908356)"
5,,,,"('risk', 0.030892644946794834)"
6,,,,"('development', 0.030892644946794834)"
7,,,,"('policy', 0.029755024443997406)"
8,,,,"('capacity', 0.02860447702017471)"
9,,,,"('in', 0.02744034838739838)"
