,Topic,Count,Name,-1
0,-1.0,29.0,-1_model_agricultural_policy_crop,"('model', 0.053281330720492966)"
1,,,,"('agricultural', 0.045545831395055664)"
2,,,,"('policy', 0.042527342468358174)"
3,,,,"('crop', 0.037330066442994046)"
4,,,,"('strategy', 0.03518608805395499)"
5,,,,"('agriculture', 0.03409875248129997)"
6,,,,"('farm', 0.02963683895259809)"
7,,,,"('based', 0.02963683895259809)"
8,,,,"('approach', 0.02963683895259809)"
9,,,,"('framework', 0.028490617098197377)"
