,Topic,Count,Name,-1
0,-1.0,25.0,-1_mitigation_development_in_energy,"('mitigation', 0.04225653510491592)"
1,,,,"('development', 0.04091363376467136)"
2,,,,"('in', 0.039556078443939255)"
3,,,,"('energy', 0.03252354386123285)"
4,,,,"('based', 0.03252354386123285)"
5,,,,"('investment', 0.031062048961148742)"
6,,,,"('effect', 0.02957975697104878)"
7,,,,"('cost', 0.02957975697104878)"
8,,,,"('country', 0.028075350696375116)"
9,,,,"('state', 0.026547336930606385)"
