,Topic,Count,Name,-1
0,-1.0,12.0,-1_water_crop_daf_food,"('water', 0.09225671974502297)"
1,,,,"('crop', 0.04839177850256332)"
2,,,,"('daf', 0.04839177850256332)"
3,,,,"('food', 0.045842774645202373)"
4,,,,"('increase', 0.045842774645202373)"
5,,,,"('yield', 0.045842774645202373)"
6,,,,"('system', 0.04059194143499083)"
7,,,,"('production', 0.04059194143499083)"
8,,,,"('increasing', 0.03788165763329058)"
9,,,,"('temperature', 0.03788165763329058)"
