,Topic,Count,Name,-1
0,-1.0,23.0,-1_farmer_crop_strategy_result,"('farmer', 0.11575813448903212)"
1,,,,"('crop', 0.04797985426213707)"
2,,,,"('strategy', 0.040463565464169175)"
3,,,,"('result', 0.03709980308485924)"
4,,,,"('production', 0.035956972403895233)"
5,,,,"('practice', 0.03480263173154088)"
6,,,,"('level', 0.03363629425895415)"
7,,,,"('risk', 0.031265464011868735)"
8,,,,"('smallholder', 0.03005976149173312)"
9,,,,"('rainfall', 0.028839627519365165)"
