,Topic,Count,Name,-1
0,-1.0,45.0,-1_increase_precipitation_change_model,"('increase', 0.04737216855770424)"
1,,,,"('precipitation', 0.04103285460946337)"
2,,,,"('change', 0.03924777209517606)"
3,,,,"('model', 0.038042987957164986)"
4,,,,"('temperature', 0.038042987957164986)"
5,,,,"('extreme', 0.036212511442350534)"
6,,,,"('rainfall', 0.034975882009196664)"
7,,,,"('trend', 0.033725518526964614)"
8,,,,"('region', 0.03309498632495023)"
9,,,,"('year', 0.02988521549193977)"
