,Topic,Count,Name,-1
0,-1.0,31.0,-1_crop_soil_irrigation_water,"('crop', 0.05751622183002905)"
1,,,,"('soil', 0.056028148537196266)"
2,,,,"('irrigation', 0.04353685061669675)"
3,,,,"('water', 0.04022397051634799)"
4,,,,"('agricultural', 0.04022397051634799)"
5,,,,"('farmer', 0.03331203351982728)"
6,,,,"('agriculture', 0.03151561733795274)"
7,,,,"('condition', 0.02968797709667512)"
8,,,,"('food', 0.02968797709667512)"
9,,,,"('production', 0.028761701470275406)"
