,Topic,Count,Name,-1
0,-1.0,51.0,-1_crop_production_water_model,"('crop', 0.0578622766396835)"
1,,,,"('production', 0.04811841586817676)"
2,,,,"('water', 0.047052818179724926)"
3,,,,"('model', 0.044896049849125826)"
4,,,,"('agricultural', 0.044896049849125826)"
5,,,,"('impact', 0.040472435678642976)"
6,,,,"('strategy', 0.03877245640732541)"
7,,,,"('system', 0.03231894901846948)"
8,,,,"('data', 0.030491219780980926)"
9,,,,"('result', 0.02925452582216838)"
