,Topic,Count,Name,-1
0,-1.0,25.0,-1_water_model_year_level,"('water', 0.05997008940519124)"
1,,,,"('model', 0.039833313384071395)"
2,,,,"('year', 0.03884169541425814)"
3,,,,"('level', 0.036833477840156365)"
4,,,,"('dam', 0.03581630107329054)"
5,,,,"('sea', 0.03478999339228167)"
6,,,,"('increase', 0.033754211584127156)"
7,,,,"('scenario', 0.0327085860120637)"
8,,,,"('area', 0.02950848350979621)"
9,,,,"('flood', 0.028419134984153948)"
