,Topic,Count,Name,-1
0,-1.0,33.0,-1_system_crop_rice_yield,"('system', 0.043815637635367784)"
1,,,,"('crop', 0.043045771298187235)"
2,,,,"('rice', 0.042271261979245384)"
3,,,,"('yield', 0.042271261979245384)"
4,,,,"('farmer', 0.03507167593530271)"
5,,,,"('three', 0.031721568074646316)"
6,,,,"('food', 0.031721568074646316)"
7,,,,"('agricultural', 0.029137716407737817)"
8,,,,"('year', 0.025584246558456786)"
9,,,,"('increase', 0.025584246558456786)"
