,Topic,Count,Name,-1
0,-1.0,27.0,-1_drought_temperature_precipitation_data,"('drought', 0.0761313869032107)"
1,,,,"('temperature', 0.03837562833844697)"
2,,,,"('precipitation', 0.03738702568289517)"
3,,,,"('data', 0.032312006241531153)"
4,,,,"('result', 0.03126821966358903)"
5,,,,"('model', 0.030213916473871824)"
6,,,,"('trend', 0.029148633570084105)"
7,,,,"('scale', 0.02698305944979572)"
8,,,,"('change', 0.02698305944979572)"
9,,,,"('using', 0.024766832250738596)"
