,Topic,Count,Name,-1
0,-1.0,61.0,-1_farmer_agricultural_strategy_farm,"('farmer', 0.08555875297902066)"
1,,,,"('agricultural', 0.04559264547329477)"
2,,,,"('strategy', 0.04559264547329477)"
3,,,,"('farm', 0.04058760294852011)"
4,,,,"('impact', 0.03956233849193689)"
5,,,,"('system', 0.03696044252683247)"
6,,,,"('crop', 0.03429915146205789)"
7,,,,"('food', 0.029902273958667385)"
8,,,,"('policy', 0.029339411788433568)"
9,,,,"('decision', 0.028204082146885714)"
