,Topic,Count,Name,-1
0,-1.0,33.0,-1_population_woman_year_rainfall,"('population', 0.03836523736099049)"
1,,,,"('woman', 0.028717941288474394)"
2,,,,"('year', 0.027702650103254647)"
3,,,,"('rainfall', 0.026676566341820095)"
4,,,,"('future', 0.026676566341820095)"
5,,,,"('fire', 0.025639170292123023)"
6,,,,"('in', 0.02458989020476271)"
7,,,,"('region', 0.023528094062416315)"
8,,,,"('temperature', 0.023528094062416315)"
9,,,,"('fishery', 0.022453079515985942)"
