,Topic,Count,Name,-1
0,-1.0,33.0,-1_soil_land_grassland_water,"('soil', 0.05584809100709283)"
1,,,,"('land', 0.05248417404442846)"
2,,,,"('grassland', 0.04990908372789325)"
3,,,,"('water', 0.047285908885324274)"
4,,,,"('use', 0.04279730625757609)"
5,,,,"('carbon', 0.04188070107399906)"
6,,,,"('model', 0.04002718528505216)"
7,,,,"('system', 0.03526498491325196)"
8,,,,"('management', 0.031306080873518355)"
9,,,,"('ecosystem', 0.031306080873518355)"
