,Topic,Count,Name,-1
0,-1.0,39.0,-1_farmer_practice_food_agricultural,"('farmer', 0.0851480073473801)"
1,,,,"('practice', 0.05274923517010343)"
2,,,,"('food', 0.04978864562734994)"
3,,,,"('agricultural', 0.04130090649197006)"
4,,,,"('household', 0.040501046551792624)"
5,,,,"('use', 0.039695978094209126)"
6,,,,"('csa', 0.03806966516952502)"
7,,,,"('farm', 0.03806966516952502)"
8,,,,"('system', 0.03474804716098908)"
9,,,,"('production', 0.031324875431846776)"
