,Topic,Count,Name,-1
0,-1.0,56.0,-1_farmer_farm_impact_agricultural,"('farmer', 0.07367257372045351)"
1,,,,"('farm', 0.05914967740594824)"
2,,,,"('impact', 0.05229406104421992)"
3,,,,"('agricultural', 0.0465661088635363)"
4,,,,"('crop', 0.0465661088635363)"
5,,,,"('model', 0.043609267243826536)"
6,,,,"('effect', 0.03642918949550796)"
7,,,,"('production', 0.031015397053841792)"
8,,,,"('change', 0.031015397053841792)"
9,,,,"('result', 0.031015397053841792)"
