,Topic,Count,Name,-1
0,-1.0,65.0,-1_farmer_household_strategy_perception,"('farmer', 0.09702461281612984)"
1,,,,"('household', 0.046520794943678445)"
2,,,,"('strategy', 0.04377306521622317)"
3,,,,"('perception', 0.04137072033060031)"
4,,,,"('impact', 0.03892138846155798)"
5,,,,"('smallholder', 0.037260530152504995)"
6,,,,"('data', 0.031249617235835737)"
7,,,,"('agricultural', 0.029916810606987754)"
8,,,,"('practice', 0.029916810606987754)"
9,,,,"('vulnerability', 0.028566289333043195)"
