,Topic,Count,Name,-1
0,-1.0,45.0,-1_temperature_area_year_data,"('temperature', 0.0361555266554046)"
1,,,,"('area', 0.03094218411635672)"
2,,,,"('year', 0.029748266807990004)"
3,,,,"('data', 0.02669945276523254)"
4,,,,"('risk', 0.02669945276523254)"
5,,,,"('model', 0.026077902433438375)"
6,,,,"('region', 0.026077902433438375)"
7,,,,"('trend', 0.02482208292486401)"
8,,,,"('weather', 0.02418754880662696)"
9,,,,"('increased', 0.02418754880662696)"
