,Topic,Count,Name,-1
0,-1.0,17.0,-1_yield_soil_crop_organic,"('yield', 0.06713945876712309)"
1,,,,"('soil', 0.06713945876712309)"
2,,,,"('crop', 0.05180411783007369)"
3,,,,"('organic', 0.0434913538798922)"
4,,,,"('tillage', 0.0434913538798922)"
5,,,,"('emission', 0.03763992773950968)"
6,,,,"('production', 0.03613168943607966)"
7,,,,"('potential', 0.03613168943607966)"
8,,,,"('use', 0.033053929046457216)"
9,,,,"('energy', 0.03148201101136741)"
