,Topic,Count,Name,-1
0,-1.0,26.0,-1_model_precipitation_future_effect,"('model', 0.04481747371760059)"
1,,,,"('precipitation', 0.04481747371760059)"
2,,,,"('future', 0.03755905281653204)"
3,,,,"('effect', 0.03375822168343467)"
4,,,,"('time', 0.03246199839025032)"
5,,,,"('emission', 0.029821128897193808)"
6,,,,"('policy', 0.029821128897193808)"
7,,,,"('temperature', 0.028474696343478878)"
8,,,,"('demand', 0.028474696343478878)"
9,,,,"('area', 0.028474696343478878)"
