,Topic,Count,Name,-1
0,-1.0,30.0,-1_yield_crop_precipitation_temperature,"('yield', 0.052374733403589425)"
1,,,,"('crop', 0.04642922959513159)"
2,,,,"('precipitation', 0.03365429675181083)"
3,,,,"('temperature', 0.03365429675181083)"
4,,,,"('climatic', 0.03365429675181083)"
5,,,,"('rainfall', 0.03268640051060902)"
6,,,,"('event', 0.03268640051060902)"
7,,,,"('water', 0.029728672143874854)"
8,,,,"('year', 0.029728672143874854)"
9,,,,"('region', 0.029728672143874854)"
