,Topic,Count,Name,-1
0,-1.0,30.0,-1_forest_drought_fire_ecosystem,"('forest', 0.07466852217040924)"
1,,,,"('drought', 0.04785715266897961)"
2,,,,"('fire', 0.04117158714159523)"
3,,,,"('ecosystem', 0.03944413406042965)"
4,,,,"('growth', 0.03226942919332949)"
5,,,,"('management', 0.031339130158564)"
6,,,,"('impact', 0.030400499088097246)"
7,,,,"('density', 0.028496916708245824)"
8,,,,"('wildfire', 0.02753123511691825)"
9,,,,"('potential', 0.02655575385612114)"
