,Topic,Count,Name,-1
0,-1.0,31.0,-1_crop_yield_water_practice,"('crop', 0.052316137298596674)"
1,,,,"('yield', 0.042862495235755686)"
2,,,,"('water', 0.04106879817343829)"
3,,,,"('practice', 0.03361550512564273)"
4,,,,"('agricultural', 0.032648660071743274)"
5,,,,"('system', 0.03167305340740283)"
6,,,,"('impact', 0.03167305340740283)"
7,,,,"('irrigation', 0.03068834365007183)"
8,,,,"('soil', 0.02969416197431317)"
9,,,,"('data', 0.02969416197431317)"
