,Topic,Count,Name,-1
0,-1.0,22.0,-1_farmer_strategy_three_household,"('farmer', 0.06314888010568195)"
1,,,,"('strategy', 0.06187033645799699)"
2,,,,"('three', 0.05664961345760816)"
3,,,,"('household', 0.048460444503341846)"
4,,,,"('system', 0.03515878730995251)"
5,,,,"('agricultural', 0.03037001838803195)"
6,,,,"('data', 0.028723913062424812)"
7,,,,"('using', 0.02704993718919281)"
8,,,,"('result', 0.02704993718919281)"
9,,,,"('factor', 0.02704993718919281)"
