,Topic,Count,Name,-1
0,-1.0,34.0,-1_precipitation_rainfall_model_extreme,"('precipitation', 0.07960821467084139)"
1,,,,"('rainfall', 0.059589714460394315)"
2,,,,"('model', 0.05417436732929104)"
3,,,,"('extreme', 0.047110945693128216)"
4,,,,"('trend', 0.040423491582812554)"
5,,,,"('temperature', 0.032537567076434855)"
6,,,,"('change', 0.031717629825841614)"
7,,,,"('future', 0.030058296751081764)"
8,,,,"('annual', 0.02837149904933872)"
9,,,,"('period', 0.02751716873053022)"
