,Topic,Count,Name,-1
0,-1.0,37.0,-1_strategy_household_farmer_local,"('strategy', 0.06025366118878678)"
1,,,,"('household', 0.05547746581366768)"
2,,,,"('farmer', 0.04764561326121926)"
3,,,,"('local', 0.036170433297936413)"
4,,,,"('impact', 0.036170433297936413)"
5,,,,"('data', 0.03536559385293419)"
6,,,,"('community', 0.03536559385293419)"
7,,,,"('livelihood', 0.03291586198182169)"
8,,,,"('access', 0.03208693900808138)"
9,,,,"('result', 0.03208693900808138)"
