,Topic,Count,Name,-1
0,-1.0,27.0,-1_health_country_community_policy,"('health', 0.06872544912391655)"
1,,,,"('country', 0.04900725983090293)"
2,,,,"('community', 0.0348514739312258)"
3,,,,"('policy', 0.032685613278256684)"
4,,,,"('vulnerable', 0.032685613278256684)"
5,,,,"('impact', 0.032685613278256684)"
6,,,,"('based', 0.030475293337290345)"
7,,,,"('bangladesh', 0.030475293337290345)"
8,,,,"('people', 0.029352207930418442)"
9,,,,"('household', 0.028216409485882152)"
