,Topic,Count,Name,-1
0,-1.0,30.0,-1_water_energy_crop_irrigation,"('water', 0.07904129188859256)"
1,,,,"('energy', 0.052077133550617334)"
2,,,,"('crop', 0.04133556687918578)"
3,,,,"('irrigation', 0.04133556687918578)"
4,,,,"('agriculture', 0.03695345923605173)"
5,,,,"('production', 0.03515414089979504)"
6,,,,"('emission', 0.03515414089979504)"
7,,,,"('practice', 0.033325689713845565)"
8,,,,"('management', 0.03239991270167187)"
9,,,,"('agricultural', 0.030523843985137935)"
