,Topic,Count,Name,-1
0,-1.0,41.0,-1_farmer_crop_practice_impact,"('farmer', 0.09673138408307823)"
1,,,,"('crop', 0.04220881980993161)"
2,,,,"('practice', 0.03822092406700753)"
3,,,,"('impact', 0.036861841882857856)"
4,,,,"('smallholder', 0.036176330336971506)"
5,,,,"('farm', 0.03548671069266779)"
6,,,,"('agricultural', 0.03548671069266779)"
7,,,,"('food', 0.034792881269516435)"
8,,,,"('strategy', 0.03268503883757449)"
9,,,,"('adoption', 0.03197324564333701)"
