,Topic,Count,Name,-1
0,-1.0,33.0,-1_farmer_strategy_household_crop,"('farmer', 0.11278419712656335)"
1,,,,"('strategy', 0.05712629272539284)"
2,,,,"('household', 0.055647503225681155)"
3,,,,"('crop', 0.05490261381234941)"
4,,,,"('data', 0.03656172579891787)"
5,,,,"('impact', 0.03656172579891787)"
6,,,,"('perception', 0.035700706674900606)"
7,,,,"('agricultural', 0.035700706674900606)"
8,,,,"('practice', 0.035700706674900606)"
9,,,,"('farm', 0.033958819754915805)"
