,Topic,Count,Name,-1
0,-1.0,58.0,-1_farmer_crop_agricultural_policy,"('farmer', 0.09300033701777499)"
1,,,,"('crop', 0.04401113157342683)"
2,,,,"('agricultural', 0.043500060331716245)"
3,,,,"('policy', 0.03719926631755225)"
4,,,,"('farm', 0.03665906905389338)"
5,,,,"('strategy', 0.034472526199130514)"
6,,,,"('practice', 0.0328041127695449)"
7,,,,"('system', 0.03224224009383841)"
8,,,,"('agriculture', 0.03110951192783172)"
9,,,,"('csa', 0.03053851961439376)"
