,Topic,Count,Name,-1
0,-1.0,39.0,-1_impact_in_emission_development,"('impact', 0.03851539071906802)"
1,,,,"('in', 0.0325301413746065)"
2,,,,"('emission', 0.0294099416623513)"
3,,,,"('development', 0.02861477752562854)"
4,,,,"('region', 0.027813152421922928)"
5,,,,"('planning', 0.02700483298375687)"
6,,,,"('increase', 0.026189568544238873)"
7,,,,"('potential', 0.026189568544238873)"
8,,,,"('economic', 0.026189568544238873)"
9,,,,"('future', 0.026189568544238873)"
