,Topic,Count,Name,-1
0,-1.0,26.0,-1_water_model_precipitation_future,"('water', 0.08054188903249816)"
1,,,,"('model', 0.05754570417990438)"
2,,,,"('precipitation', 0.0535423109210383)"
3,,,,"('future', 0.045185323759027216)"
4,,,,"('river', 0.044103783378429844)"
5,,,,"('use', 0.036261481911037535)"
6,,,,"('land', 0.03509795449916064)"
7,,,,"('decrease', 0.03392230467801883)"
8,,,,"('forest', 0.03273399764471138)"
9,,,,"('result', 0.03153244992289076)"
