,Topic,Count,Name,-1
0,-1.0,42.0,-1_farmer_agricultural_farm_risk,"('farmer', 0.10423704911921568)"
1,,,,"('agricultural', 0.044839286509333595)"
2,,,,"('farm', 0.043500712305871284)"
3,,,,"('risk', 0.042826207493693855)"
4,,,,"('strategy', 0.03729490119702335)"
5,,,,"('crop', 0.03370195898553019)"
6,,,,"('practice', 0.029228269606663585)"
7,,,,"('weather', 0.029228269606663585)"
8,,,,"('agriculture', 0.028463353858414062)"
9,,,,"('decision', 0.028463353858414062)"
