,Topic,Count,Name,-1
0,-1.0,27.0,-1_household_farmer_impact_strategy,"('household', 0.07992210811297604)"
1,,,,"('farmer', 0.06608551607202073)"
2,,,,"('impact', 0.05871450382087844)"
3,,,,"('strategy', 0.036282838484317445)"
4,,,,"('vulnerability', 0.03289124871592821)"
5,,,,"('policy', 0.03289124871592821)"
6,,,,"('food', 0.03289124871592821)"
7,,,,"('data', 0.0317370200634045)"
8,,,,"('rural', 0.0317370200634045)"
9,,,,"('measure', 0.03057004438093458)"
