,Topic,Count,Name,-1
0,-1.0,35.0,-1_farmer_agricultural_crop_technology,"('farmer', 0.08949229592696974)"
1,,,,"('agricultural', 0.044382002913366005)"
2,,,,"('crop', 0.03928796006374045)"
3,,,,"('technology', 0.033969955385799944)"
4,,,,"('smallholder', 0.033969955385799944)"
5,,,,"('strategy', 0.03305887832250422)"
6,,,,"('practice', 0.031213308951239215)"
7,,,,"('water', 0.030278237664822044)"
8,,,,"('agriculture', 0.030278237664822044)"
9,,,,"('knowledge', 0.0293345524465668)"
