,Topic,Count,Name,-1
0,-1.0,22.0,-1_soil_water_crop_agricultural,"('soil', 0.0629057706878609)"
1,,,,"('water', 0.03887344647191157)"
2,,,,"('crop', 0.03656300419976798)"
3,,,,"('agricultural', 0.035390387526912745)"
4,,,,"('carbon', 0.03420552377737338)"
5,,,,"('management', 0.03420552377737338)"
6,,,,"('mean', 0.031796844345109064)"
7,,,,"('irrigation', 0.029332009059567808)"
8,,,,"('effect', 0.029332009059567808)"
9,,,,"('data', 0.028076706226223172)"
