,Topic,Count,Name,-1
0,-1.0,20.0,-1_extreme_rainfall_precipitation_increase,"('extreme', 0.08308936513242528)"
1,,,,"('rainfall', 0.0606671011403991)"
2,,,,"('precipitation', 0.05524163332664125)"
3,,,,"('increase', 0.053854307452215935)"
4,,,,"('event', 0.05103953591386652)"
5,,,,"('flooding', 0.04670955137017876)"
6,,,,"('in', 0.03759853049796176)"
7,,,,"('flood', 0.03759853049796176)"
8,,,,"('impact', 0.036012005468209395)"
9,,,,"('warming', 0.03277087467066974)"
