,Topic,Count,Name,-1
0,-1.0,36.0,-1_farmer_agricultural_farm_practice,"('farmer', 0.08708823634270348)"
1,,,,"('agricultural', 0.038359045675756986)"
2,,,,"('farm', 0.037574225779420774)"
3,,,,"('practice', 0.03598866385618141)"
4,,,,"('policy', 0.03438086926696629)"
5,,,,"('information', 0.03356822578683863)"
6,,,,"('strategy', 0.031093102663958896)"
7,,,,"('impact', 0.0294099416623513)"
8,,,,"('extension', 0.028557735527701605)"
9,,,,"('risk', 0.028557735527701605)"
