,Topic,Count,Name,-1
0,-1.0,24.0,-1_farmer_strategy_food_crop,"('farmer', 0.10866354865716685)"
1,,,,"('strategy', 0.05311227687359983)"
2,,,,"('food', 0.0463876683995418)"
3,,,,"('crop', 0.03930776135894845)"
4,,,,"('smallholder', 0.03930776135894845)"
5,,,,"('maize', 0.03614490378197788)"
6,,,,"('agricultural', 0.03398723141674344)"
7,,,,"('africa', 0.03398723141674344)"
8,,,,"('household', 0.030668963299497438)"
9,,,,"('production', 0.029539130833916592)"
