,Topic,Count,Name,-1
0,-1.0,35.0,-1_crop_agricultural_production_yield,"('crop', 0.06608977277304796)"
1,,,,"('agricultural', 0.06264554724332536)"
2,,,,"('production', 0.06124699711773383)"
3,,,,"('yield', 0.06124699711773383)"
4,,,,"('impact', 0.05912567624822122)"
5,,,,"('model', 0.04650118034099419)"
6,,,,"('temperature', 0.03167642211540341)"
7,,,,"('region', 0.03167642211540341)"
8,,,,"('scale', 0.02900589325139491)"
9,,,,"('future', 0.02900589325139491)"
