,Topic,Count,Name,-1
0,-1.0,14.0,-1_agricultural_impact_irrigation_land,"('agricultural', 0.053089825814163445)"
1,,,,"('impact', 0.04338249846543165)"
2,,,,"('irrigation', 0.04135335510866126)"
3,,,,"('land', 0.04135335510866126)"
4,,,,"('approach', 0.04135335510866126)"
5,,,,"('farmer', 0.0392907874798009)"
6,,,,"('crop', 0.03719252558639555)"
7,,,,"('variety', 0.03505597430705799)"
8,,,,"('in', 0.03505597430705799)"
9,,,,"('system', 0.03505597430705799)"
