,Topic,Count,Name,-1
0,-1.0,37.0,-1_soil_crop_yield_land,"('soil', 0.07638597407640255)"
1,,,,"('crop', 0.0542447666639894)"
2,,,,"('yield', 0.04800097546624199)"
3,,,,"('land', 0.04513339173978637)"
4,,,,"('model', 0.0384398644513374)"
5,,,,"('effect', 0.0384398644513374)"
6,,,,"('production', 0.0384398644513374)"
7,,,,"('agricultural', 0.03534267953852137)"
8,,,,"('result', 0.032963191211438335)"
9,,,,"('system', 0.03134747114473108)"
