,Topic,Count,Name,-1
0,-1.0,48.0,-1_water_river_basin_resource,"('water', 0.09035455940160335)"
1,,,,"('river', 0.05048789465925228)"
2,,,,"('basin', 0.035271173289413836)"
3,,,,"('resource', 0.034669610702520184)"
4,,,,"('change', 0.030363336434318714)"
5,,,,"('area', 0.029099765574797983)"
6,,,,"('flow', 0.02781998397715444)"
7,,,,"('result', 0.026523053988599395)"
8,,,,"('risk', 0.02586783476389297)"
9,,,,"('management', 0.02520792409373198)"
