,Topic,Count,Name,-1
0,-1.0,54.0,-1_water_farmer_impact_agricultural,"('water', 0.057480233203791045)"
1,,,,"('farmer', 0.04673718996616234)"
2,,,,"('impact', 0.03963767528540191)"
3,,,,"('agricultural', 0.037369479475952636)"
4,,,,"('land', 0.03679558790395733)"
5,,,,"('result', 0.03329038537149453)"
6,,,,"('system', 0.03269527763553858)"
7,,,,"('use', 0.03269527763553858)"
8,,,,"('crop', 0.03149507082794868)"
9,,,,"('model', 0.03088981234302345)"
