,Topic,Count,Name,-1
0,-1.0,19.0,-1_coastal_level_ecosystem_strategy,"('coastal', 0.0821226948264984)"
1,,,,"('level', 0.04240039513502193)"
2,,,,"('ecosystem', 0.039691335951850884)"
3,,,,"('strategy', 0.03692074855779485)"
4,,,,"('mangrove', 0.03551056016235984)"
5,,,,"('habitat', 0.03551056016235984)"
6,,,,"('sea', 0.03551056016235984)"
7,,,,"('area', 0.03408265979452896)"
8,,,,"('scenario', 0.032636101092677505)"
9,,,,"('water', 0.032636101092677505)"
