,Topic,Count,Name,-1
0,-1.0,36.0,-1_farmer_farm_strategy_crop,"('farmer', 0.09587671502643758)"
1,,,,"('farm', 0.05345717998950481)"
2,,,,"('strategy', 0.04861046205218844)"
3,,,,"('crop', 0.03526998618108122)"
4,,,,"('system', 0.03526998618108122)"
5,,,,"('farming', 0.033692422978577184)"
6,,,,"('household', 0.03289511029892311)"
7,,,,"('management', 0.030466895037478365)"
8,,,,"('practice', 0.030466895037478365)"
9,,,,"('production', 0.029644731210200323)"
