,Topic,Count,Name,-1
0,-1.0,45.0,-1_water_precipitation_future_model,"('water', 0.06947023549532752)"
1,,,,"('precipitation', 0.05517803444242981)"
2,,,,"('future', 0.05517803444242981)"
3,,,,"('model', 0.05248096532676147)"
4,,,,"('increase', 0.037534371297394634)"
5,,,,"('change', 0.036922731036902336)"
6,,,,"('management', 0.03568970426067831)"
7,,,,"('using', 0.033814706777062435)"
8,,,,"('basin', 0.033182604594372715)"
9,,,,"('strategy', 0.033182604594372715)"
