,Topic,Count,Name,-1
0,-1.0,20.0,-1_soil_land_practice_carbon,"('soil', 0.07368644482140993)"
1,,,,"('land', 0.06095363861561746)"
2,,,,"('practice', 0.041376250417189925)"
3,,,,"('carbon', 0.03414698724482084)"
4,,,,"('emission', 0.03414698724482084)"
5,,,,"('use', 0.032896603277443794)"
6,,,,"('benefit', 0.031631598287465125)"
7,,,,"('management', 0.031631598287465125)"
8,,,,"('mitigation', 0.030351231134204803)"
9,,,,"('water', 0.030351231134204803)"
