,Topic,Count,Name,-1
0,-1.0,26.0,-1_impact_china_development_scenario,"('impact', 0.036340474200328134)"
1,,,,"('china', 0.03408756433979437)"
2,,,,"('development', 0.030619097491787036)"
3,,,,"('scenario', 0.02943696900002015)"
4,,,,"('vegetation', 0.02943696900002015)"
5,,,,"('risk', 0.02943696900002015)"
6,,,,"('effect', 0.02943696900002015)"
7,,,,"('uncertainty', 0.028240774284448357)"
8,,,,"('result', 0.027029763967492203)"
9,,,,"('lst', 0.027029763967492203)"
