,Topic,Count,Name,-1
0,-1.0,16.0,-1_health_woman_child_impact,"('health', 0.062004044929676025)"
1,,,,"('woman', 0.0574779785234302)"
2,,,,"('child', 0.04129070297747514)"
3,,,,"('impact', 0.04129070297747514)"
4,,,,"('community', 0.0395585740194292)"
5,,,,"('resource', 0.034206068183501824)"
6,,,,"('related', 0.034206068183501824)"
7,,,,"('disaster', 0.03236421198690271)"
8,,,,"('nurse', 0.03236421198690271)"
9,,,,"('strategy', 0.030490096166747728)"
