,Topic,Count,Name,-1
0,-1.0,11.0,-1_insect_temperature_apple_bat,"('insect', 0.05164159491812912)"
1,,,,"('temperature', 0.045311532353884396)"
2,,,,"('apple', 0.045311532353884396)"
3,,,,"('bat', 0.0420309370007731)"
4,,,,"('biomass', 0.038662939763067096)"
5,,,,"('cultivar', 0.035197619485668644)"
6,,,,"('mulch', 0.035197619485668644)"
7,,,,"('habitat', 0.03162255664636665)"
8,,,,"('tick', 0.03162255664636665)"
9,,,,"('system', 0.03162255664636665)"
