,Topic,Count,Name,-1
0,-1.0,23.0,-1_water_soil_management_impact,"('water', 0.05058299963019755)"
1,,,,"('soil', 0.04743209019764547)"
2,,,,"('management', 0.045290443723528834)"
3,,,,"('impact', 0.045290443723528834)"
4,,,,"('agricultural', 0.045290443723528834)"
5,,,,"('region', 0.038644752927434675)"
6,,,,"('change', 0.038644752927434675)"
7,,,,"('land', 0.038644752927434675)"
8,,,,"('area', 0.03518096562848747)"
9,,,,"('increase', 0.03400269957016283)"
