,Topic,Count,Name,-1
0,-1.0,20.0,-1_system_area_city_increase,"('system', 0.048779377130312884)"
1,,,,"('area', 0.044628047694854595)"
2,,,,"('city', 0.0358992903826459)"
3,,,,"('increase', 0.0358992903826459)"
4,,,,"('rice', 0.032840192826259454)"
5,,,,"('people', 0.03127786862574745)"
6,,,,"('million', 0.03127786862574745)"
7,,,,"('level', 0.029691864405682847)"
8,,,,"('world', 0.028080579955355546)"
9,,,,"('energy', 0.028080579955355546)"
