,Topic,Count,Name,-1
0,-1.0,36.0,-1_crop_water_soil_yield,"('crop', 0.06392075087175292)"
1,,,,"('water', 0.060208283764081376)"
2,,,,"('soil', 0.04984497360725099)"
3,,,,"('yield', 0.04436711981548173)"
4,,,,"('model', 0.041540761405708504)"
5,,,,"('system', 0.03937859336226098)"
6,,,,"('irrigation', 0.036434215828038935)"
7,,,,"('impact', 0.03493365501146745)"
8,,,,"('drought', 0.03493365501146745)"
9,,,,"('agricultural', 0.034175837017779646)"
