,Topic,Count,Name,-1
0,-1.0,44.0,-1_forest_management_knowledge_risk,"('forest', 0.10412145467406393)"
1,,,,"('management', 0.055468691578150396)"
2,,,,"('knowledge', 0.02950732454806347)"
3,,,,"('risk', 0.025710378176035747)"
4,,,,"('ecosystem', 0.025710378176035747)"
5,,,,"('level', 0.025710378176035747)"
6,,,,"('result', 0.025710378176035747)"
7,,,,"('adaptive', 0.024932261205163533)"
8,,,,"('conservation', 0.024932261205163533)"
9,,,,"('area', 0.02414734856288161)"
