,Topic,Count,Name,-1
0,-1.0,30.0,-1_water_vulnerability_drought_farmer,"('water', 0.06692078358861638)"
1,,,,"('vulnerability', 0.046024225325571926)"
2,,,,"('drought', 0.04002467051615471)"
3,,,,"('farmer', 0.036912820974102444)"
4,,,,"('impact', 0.03479138172928802)"
5,,,,"('resource', 0.033715527626900804)"
6,,,,"('policy', 0.033715527626900804)"
7,,,,"('ecological', 0.03262904130872635)"
8,,,,"('groundwater', 0.03153147358433892)"
9,,,,"('adaptive', 0.03042233616283039)"
