,Topic,Count,Name,-1
0,-1.0,34.0,-1_coastal_sea_level_impact,"('coastal', 0.0645663676984262)"
1,,,,"('sea', 0.05344820322627146)"
2,,,,"('level', 0.04875866556678385)"
3,,,,"('impact', 0.04056558371482087)"
4,,,,"('mangrove', 0.03713385144790333)"
5,,,,"('community', 0.03713385144790333)"
6,,,,"('risk', 0.03087014172010803)"
7,,,,"('vulnerability', 0.03087014172010803)"
8,,,,"('area', 0.02901093212787827)"
9,,,,"('strategy', 0.028068236505885462)"
