,Topic,Count,Name,-1
0,-1.0,34.0,-1_water_model_design_soil,"('water', 0.05139205300445702)"
1,,,,"('model', 0.04594770930856668)"
2,,,,"('design', 0.03733385780626418)"
3,,,,"('soil', 0.03432057151265238)"
4,,,,"('system', 0.030170405507156797)"
5,,,,"('condition', 0.030170405507156797)"
6,,,,"('result', 0.025844024773723277)"
7,,,,"('quality', 0.025844024773723277)"
8,,,,"('crop', 0.024730789494932345)"
9,,,,"('use', 0.024730789494932345)"
