,Topic,Count,Name,-1
0,-1.0,21.0,-1_cultivar_forest_temperature_yield,"('cultivar', 0.0540721555250458)"
1,,,,"('forest', 0.0529919953996232)"
2,,,,"('temperature', 0.03566731489528019)"
3,,,,"('yield', 0.03442154879266521)"
4,,,,"('region', 0.03442154879266521)"
5,,,,"('day', 0.03188707936328052)"
6,,,,"('production', 0.03188707936328052)"
7,,,,"('model', 0.030596946996988582)"
8,,,,"('system', 0.027966736284714824)"
9,,,,"('two', 0.027966736284714824)"
