,Topic,Count,Name,-1
0,-1.0,43.0,-1_farmer_agricultural_strategy_practice,"('farmer', 0.09408539688468631)"
1,,,,"('agricultural', 0.048004115969995015)"
2,,,,"('strategy', 0.038429009459316314)"
3,,,,"('practice', 0.031848280889897496)"
4,,,,"('adoption', 0.030330553283165966)"
5,,,,"('perception', 0.02879002200001176)"
6,,,,"('use', 0.027225146741084862)"
7,,,,"('farm', 0.025634166615646003)"
8,,,,"('system', 0.025634166615646003)"
9,,,,"('crop', 0.025634166615646003)"
