,Topic,Count,Name,-1
0,-1.0,42.0,-1_coastal_sea_level_marsh,"('coastal', 0.09367150530308821)"
1,,,,"('sea', 0.05384908201924787)"
2,,,,"('level', 0.0512530272806775)"
3,,,,"('marsh', 0.03819926576534302)"
4,,,,"('community', 0.037473522105987964)"
5,,,,"('rise', 0.0367432757179526)"
6,,,,"('model', 0.03600841229218103)"
7,,,,"('wave', 0.03377488589544078)"
8,,,,"('shoreline', 0.027580521103395726)"
9,,,,"('data', 0.027580521103395726)"
