,Topic,Count,Name,-1
0,-1.0,51.0,-1_coastal_level_sea_risk,"('coastal', 0.08290588688510833)"
1,,,,"('level', 0.04800782170143136)"
2,,,,"('sea', 0.045931706883328996)"
3,,,,"('risk', 0.04540763449869951)"
4,,,,"('future', 0.03153036109304127)"
5,,,,"('policy', 0.02974480687727482)"
6,,,,"('vulnerability', 0.029142616886745812)"
7,,,,"('management', 0.02853677403761758)"
8,,,,"('analysis', 0.027927181105704163)"
9,,,,"('model', 0.027313735609112922)"
