,Topic,Count,Name,-1
0,-1.0,95.0,-1_policy_energy_based_water,"('policy', 0.04700038353053389)"
1,,,,"('energy', 0.029959017712345635)"
2,,,,"('based', 0.029959017712345635)"
3,,,,"('water', 0.028587514698663812)"
4,,,,"('model', 0.028241661141967554)"
5,,,,"('result', 0.027894580233027697)"
6,,,,"('analysis', 0.02719665941447064)"
7,,,,"('impact', 0.026845779513001967)"
8,,,,"('measure', 0.026845779513001967)"
9,,,,"('mitigation', 0.02578520811449912)"
