,Topic,Count,Name,-1
0,-1.0,49.0,-1_water_model_future_impact,"('water', 0.08476354763007614)"
1,,,,"('model', 0.07329590218783937)"
2,,,,"('future', 0.036244577386860335)"
3,,,,"('impact', 0.03514770962837774)"
4,,,,"('result', 0.034040085269946826)"
5,,,,"('precipitation', 0.032921258839304766)"
6,,,,"('scenario', 0.032921258839304766)"
7,,,,"('uncertainty', 0.03179074691329704)"
8,,,,"('river', 0.03179074691329704)"
9,,,,"('management', 0.030071903913192647)"
