,Topic,Count,Name,-1
0,-1.0,38.0,-1_water_management_model_impact,"('water', 0.1132033517882936)"
1,,,,"('management', 0.05207655373391744)"
2,,,,"('model', 0.0449293506151267)"
3,,,,"('impact', 0.04086340016217671)"
4,,,,"('resource', 0.03877994824713472)"
5,,,,"('system', 0.03877994824713472)"
6,,,,"('environmental', 0.03737073217768047)"
7,,,,"('spatial', 0.0345001004458463)"
8,,,,"('approach', 0.033036854709945496)"
9,,,,"('use', 0.032297800249499097)"
