,Topic,Count,Name,-1
0,-1.0,46.0,-1_coastal_community_ecosystem_project,"('coastal', 0.07614326312988869)"
1,,,,"('community', 0.04744034248647458)"
2,,,,"('ecosystem', 0.04366887568565776)"
3,,,,"('project', 0.03301701881526658)"
4,,,,"('carbon', 0.031613144275025)"
5,,,,"('policy', 0.03019031580285086)"
6,,,,"('management', 0.028747403421421302)"
7,,,,"('social', 0.028018024675838537)"
8,,,,"('island', 0.028018024675838537)"
9,,,,"('protection', 0.027283135630113746)"
