,Topic,Count,Name,-1
0,-1.0,37.0,-1_winter_temperature_water_cultivar,"('winter', 0.04050722973088047)"
1,,,,"('temperature', 0.03375300875759778)"
2,,,,"('water', 0.032195890312687915)"
3,,,,"('cultivar', 0.030615701192061598)"
4,,,,"('spring', 0.02981649114861335)"
5,,,,"('condition', 0.026553864937396202)"
6,,,,"('drought', 0.026553864937396202)"
7,,,,"('degree', 0.02572052725264057)"
8,,,,"('snow', 0.02572052725264057)"
9,,,,"('tree', 0.024879555555786217)"
