,Topic,Count,Name,-1
0,-1.0,43.0,-1_lake_water_temperature_impact,"('lake', 0.04396863306677589)"
1,,,,"('water', 0.04335925019838983)"
2,,,,"('temperature', 0.035804165577790946)"
3,,,,"('impact', 0.028409377079315973)"
4,,,,"('effect', 0.027005636426701382)"
5,,,,"('region', 0.02629594687736505)"
6,,,,"('result', 0.024860040880040363)"
7,,,,"('change', 0.024860040880040363)"
8,,,,"('year', 0.02340076499497213)"
9,,,,"('area', 0.02340076499497213)"
