,Topic,Count,Name,-1
0,-1.0,15.0,-1_wine_grape_region_area,"('wine', 0.09661694191884211)"
1,,,,"('grape', 0.07139411103904054)"
2,,,,"('region', 0.06212611235518511)"
3,,,,"('area', 0.045333698691354764)"
4,,,,"('temperature', 0.037996816753369494)"
5,,,,"('production', 0.03415427910574641)"
6,,,,"('zone', 0.032182474361857914)"
7,,,,"('climatic', 0.032182474361857914)"
8,,,,"('acid', 0.030173508895049824)"
9,,,,"('acetic', 0.030173508895049824)"
