,Topic,Count,Name,-1
0,-1.0,21.0,-1_health_risk_policy_impact,"('health', 0.08078339310898221)"
1,,,,"('risk', 0.0646565293400192)"
2,,,,"('policy', 0.05936569449398776)"
3,,,,"('impact', 0.04819864922165794)"
4,,,,"('plan', 0.03762286971727897)"
5,,,,"('development', 0.034425622541611155)"
6,,,,"('approach', 0.034425622541611155)"
7,,,,"('need', 0.034425622541611155)"
8,,,,"('national', 0.031133813865247443)"
9,,,,"('community', 0.031133813865247443)"
