,Topic,Count,Name,-1
0,-1.0,29.0,-1_water_management_policy_challenge,"('water', 0.04470128914638538)"
1,,,,"('management', 0.04164930878245527)"
2,,,,"('policy', 0.04061547095986375)"
3,,,,"('challenge', 0.039572930287940594)"
4,,,,"('planning', 0.03639003619063742)"
5,,,,"('risk', 0.034218594761182546)"
6,,,,"('framework', 0.034218594761182546)"
7,,,,"('development', 0.03311684341733225)"
8,,,,"('strategy', 0.03200380663958456)"
9,,,,"('economic', 0.03087898702981789)"
