,Topic,Count,Name,-1
0,-1.0,34.0,-1_policy_vulnerability_health_risk,"('policy', 0.04483665325887637)"
1,,,,"('vulnerability', 0.04301427756079782)"
2,,,,"('health', 0.041165651158446295)"
3,,,,"('risk', 0.04023102304858862)"
4,,,,"('impact', 0.03247617857771399)"
5,,,,"('model', 0.03146791969621094)"
6,,,,"('strategy', 0.02942168602018498)"
7,,,,"('system', 0.02942168602018498)"
8,,,,"('social', 0.028382850885769393)"
9,,,,"('global', 0.02627129372533021)"
