,Topic,Count,Name,-1
0,-1.0,18.0,-1_use_land_approach_system,"('use', 0.05520816965741226)"
1,,,,"('land', 0.0520045124069209)"
2,,,,"('approach', 0.050375716117650245)"
3,,,,"('system', 0.048727925341401516)"
4,,,,"('model', 0.045371904864898255)"
5,,,,"('based', 0.04366174421255307)"
6,,,,"('management', 0.040171553530877785)"
7,,,,"('design', 0.03838893168324619)"
8,,,,"('impact', 0.036579312402306594)"
9,,,,"('mitigation', 0.03474097965101125)"
