,Topic,Count,Name,-1
0,-1.0,48.0,-1_policy_social_risk_health,"('policy', 0.05217309280991517)"
1,,,,"('social', 0.04885984213181988)"
2,,,,"('risk', 0.042686281605862124)"
3,,,,"('health', 0.04198202578532408)"
4,,,,"('community', 0.039845238410777674)"
5,,,,"('decision', 0.03319516293936328)"
6,,,,"('local', 0.03166232724932567)"
7,,,,"('network', 0.030887521681502626)"
8,,,,"('people', 0.028527371418301688)"
9,,,,"('response', 0.028527371418301688)"
