,Topic,Count,Name,-1
0,-1.0,34.0,-1_risk_policy_approach_actor,"('risk', 0.044654309099218116)"
1,,,,"('policy', 0.04283884449118173)"
2,,,,"('approach', 0.04006620861233846)"
3,,,,"('actor', 0.034322323484419735)"
4,,,,"('analysis', 0.034322323484419735)"
5,,,,"('challenge', 0.034322323484419735)"
6,,,,"('planning', 0.032341372117099566)"
7,,,,"('use', 0.032341372117099566)"
8,,,,"('scenario', 0.03133706234450035)"
9,,,,"('institutional', 0.03133706234450035)"
