,Topic,Count,Name,-1
0,-1.0,22.0,-1_coastal_community_management_policy,"('coastal', 0.06031074230211871)"
1,,,,"('community', 0.04437927224892765)"
2,,,,"('management', 0.04316832774691905)"
3,,,,"('policy', 0.041945875815085236)"
4,,,,"('risk', 0.03693178445005527)"
5,,,,"('planning', 0.03693178445005527)"
6,,,,"('island', 0.034342610549482476)"
7,,,,"('approach', 0.03302525517672674)"
8,,,,"('cultural', 0.030341086426391304)"
9,,,,"('challenge', 0.030341086426391304)"
