,Topic,Count,Name,-1
0,-1.0,47.0,-1_crop_production_water_model,"('crop', 0.06065131558873796)"
1,,,,"('production', 0.04991660614603838)"
2,,,,"('water', 0.048798313995528336)"
3,,,,"('model', 0.04596217920360424)"
4,,,,"('agricultural', 0.043649240102460615)"
5,,,,"('impact', 0.04247718015689416)"
6,,,,"('strategy', 0.040099998004942065)"
7,,,,"('system', 0.03267058701392578)"
8,,,,"('data', 0.032028713982001314)"
9,,,,"('result', 0.03073317090965165)"
