,Topic,Count,Name,-1
0,-1.0,22.0,-1_risk_land_increase_soc,"('risk', 0.04635216535444378)"
1,,,,"('land', 0.03992094597757668)"
2,,,,"('increase', 0.03589562789972759)"
3,,,,"('soc', 0.03589562789972759)"
4,,,,"('energy', 0.0345222753286456)"
5,,,,"('future', 0.031723337780812565)"
6,,,,"('area', 0.031723337780812565)"
7,,,,"('method', 0.03029582402257566)"
8,,,,"('data', 0.028848140325851784)"
9,,,,"('model', 0.028848140325851784)"
