,Topic,Count,Name,-1
0,-1.0,51.0,-1_yield_crop_wheat_model,"('yield', 0.09350273794404158)"
1,,,,"('crop', 0.08890765349410867)"
2,,,,"('wheat', 0.07608048641366684)"
3,,,,"('model', 0.04304812741225587)"
4,,,,"('impact', 0.03886075149795275)"
5,,,,"('production', 0.037252700623086714)"
6,,,,"('rice', 0.03341131923571789)"
7,,,,"('maize', 0.03285159324350897)"
8,,,,"('management', 0.03285159324350897)"
9,,,,"('region', 0.03228895414480865)"
