,Topic,Count,Name,-1
0,-1.0,29.0,-1_farmer_perception_smallholder_data,"('farmer', 0.10310240035943644)"
1,,,,"('perception', 0.05802201332637472)"
2,,,,"('smallholder', 0.05192916417040214)"
3,,,,"('data', 0.04310084048703721)"
4,,,,"('household', 0.03973787395656168)"
5,,,,"('strategy', 0.036279600868293065)"
6,,,,"('impact', 0.03539882123091091)"
7,,,,"('adoption', 0.03539882123091091)"
8,,,,"('drought', 0.02808348601731081)"
9,,,,"('practice', 0.02808348601731081)"
