,Topic,Count,Name,-1
0,-1.0,30.0,-1_future_water_model_precipitation,"('future', 0.0682306376585833)"
1,,,,"('water', 0.06510144894017435)"
2,,,,"('model', 0.059476137489254566)"
3,,,,"('precipitation', 0.04756081829837949)"
4,,,,"('using', 0.04212626136972252)"
5,,,,"('scenario', 0.041197897685933786)"
6,,,,"('management', 0.03741281172638824)"
7,,,,"('rainfall', 0.036447492651421595)"
8,,,,"('increase', 0.035474046372335144)"
9,,,,"('strategy', 0.0344921883996339)"
