,Topic,Count,Name,-1
0,-1.0,52.0,-1_farmer_household_strategy_farm,"('farmer', 0.078333731132283)"
1,,,,"('household', 0.062482165738729604)"
2,,,,"('strategy', 0.04596528974695112)"
3,,,,"('farm', 0.044866384516075754)"
4,,,,"('data', 0.04431348412777609)"
5,,,,"('perception', 0.032089447692633555)"
6,,,,"('practice', 0.030853754628865738)"
7,,,,"('policy', 0.030230368330446854)"
8,,,,"('crop', 0.02960316156223447)"
9,,,,"('factor', 0.028972032587038857)"
