,Topic,Count,Name,-1
0,-1.0,24.0,-1_farmer_strategy_agricultural_perception,"('farmer', 0.09164742027830555)"
1,,,,"('strategy', 0.051358525954121804)"
2,,,,"('agricultural', 0.04065864849573484)"
3,,,,"('perception', 0.038155177556298166)"
4,,,,"('practice', 0.03298183615182767)"
5,,,,"('use', 0.031649936844717105)"
6,,,,"('information', 0.030301002858108037)"
7,,,,"('capacity', 0.030301002858108037)"
8,,,,"('household', 0.028934075152612333)"
9,,,,"('approach', 0.028934075152612333)"
