,Topic,Count,Name,-1
0,-1.0,45.0,-1_farmer_crop_farm_practice,"('farmer', 0.13618889320801048)"
1,,,,"('crop', 0.04674706430095227)"
2,,,,"('farm', 0.04092782985089773)"
3,,,,"('practice', 0.036892742177879134)"
4,,,,"('agricultural', 0.034822150616370826)"
5,,,,"('variety', 0.03271263691975862)"
6,,,,"('strategy', 0.03200027711182901)"
7,,,,"('production', 0.029101325446850804)"
8,,,,"('impact', 0.027619978972751317)"
9,,,,"('agriculture', 0.026870727092136858)"
