,Topic,Count,Name,-1
0,-1.0,23.0,-1_farmer_crop_practice_food,"('farmer', 0.0971481910039165)"
1,,,,"('crop', 0.0509715790180937)"
2,,,,"('practice', 0.04886404908625203)"
3,,,,"('food', 0.0445494992187828)"
4,,,,"('smallholder', 0.04344864316682419)"
5,,,,"('production', 0.04121821922502296)"
6,,,,"('farm', 0.03894725716215799)"
7,,,,"('livelihood', 0.03663269714859236)"
8,,,,"('household', 0.03545798065051292)"
9,,,,"('adoption', 0.034270988219479215)"
