,Topic,Count,Name,-1
0,-1.0,22.0,-1_farmer_strategy_farm_agricultural,"('farmer', 0.10527285763285056)"
1,,,,"('strategy', 0.050193242954751645)"
2,,,,"('farm', 0.050193242954751645)"
3,,,,"('agricultural', 0.048880988601560274)"
4,,,,"('household', 0.04350196043062934)"
5,,,,"('crop', 0.03931625433524925)"
6,,,,"('farming', 0.03349829090379585)"
7,,,,"('practice', 0.03349829090379585)"
8,,,,"('risk', 0.03199550322266018)"
9,,,,"('information', 0.03199550322266018)"
