,Topic,Count,Name,-1
0,-1.0,12.0,-1_temperature_resistance_form_torpor,"('temperature', 0.05400633394391581)"
1,,,,"('resistance', 0.050745090770729216)"
2,,,,"('form', 0.04398521777645016)"
3,,,,"('torpor', 0.04398521777645016)"
4,,,,"('population', 0.04398521777645016)"
5,,,,"('cold', 0.03685348281292879)"
6,,,,"('tv', 0.03685348281292879)"
7,,,,"('environment', 0.03685348281292879)"
8,,,,"('difference', 0.033119968437257265)"
9,,,,"('desiccation', 0.033119968437257265)"
