,Topic,Count,Name,-1
0,-1.0,18.0,-1_farmer_agricultural_impact_data,"('farmer', 0.09614002658869075)"
1,,,,"('agricultural', 0.04668660955918339)"
2,,,,"('impact', 0.04668660955918339)"
3,,,,"('data', 0.04202531689793793)"
4,,,,"('drought', 0.03882022195829057)"
5,,,,"('strategy', 0.03552735767425095)"
6,,,,"('local', 0.03384481775389146)"
7,,,,"('perception', 0.03384481775389146)"
8,,,,"('knowledge', 0.03213618751942903)"
9,,,,"('barrier', 0.03213618751942903)"
