,Topic,Count,Name,-1
0,-1.0,31.0,-1_farmer_strategy_household_agricultural,"('farmer', 0.10151134096369545)"
1,,,,"('strategy', 0.05218608899543511)"
2,,,,"('household', 0.04770073042403739)"
3,,,,"('agricultural', 0.0401985611858184)"
4,,,,"('agriculture', 0.03726574217216811)"
5,,,,"('result', 0.03425763063451308)"
6,,,,"('information', 0.03323677626239188)"
7,,,,"('level', 0.03220626346905624)"
8,,,,"('factor', 0.031165700635077946)"
9,,,,"('weather', 0.031165700635077946)"
