,Topic,Count,Name,-1
0,-1.0,24.0,-1_water_model_hydrological_precipitation,"('water', 0.08664312331203274)"
1,,,,"('model', 0.07925715846592624)"
2,,,,"('hydrological', 0.048067191541000226)"
3,,,,"('precipitation', 0.040747495501309274)"
4,,,,"('drought', 0.03966677445554592)"
5,,,,"('using', 0.03747600876269122)"
6,,,,"('river', 0.03636523669240635)"
7,,,,"('impact', 0.03524367385319905)"
8,,,,"('time', 0.03411088204172526)"
9,,,,"('data', 0.03411088204172526)"
