,Topic,Count,Name,-1
0,-1.0,33.0,-1_coastal_sea_level_flooding,"('coastal', 0.11032775697302441)"
1,,,,"('sea', 0.0575235100525691)"
2,,,,"('level', 0.0560835005480524)"
3,,,,"('flooding', 0.04942389530799043)"
4,,,,"('community', 0.046360490993551995)"
5,,,,"('flood', 0.046360490993551995)"
6,,,,"('risk', 0.04001239826425621)"
7,,,,"('rise', 0.04001239826425621)"
8,,,,"('storm', 0.03754625055089836)"
9,,,,"('area', 0.03587313237121535)"
