,Topic,Count,Name,-1
0,-1.0,10.0,-1_farmer_agricultural_social_system,"('farmer', 0.07178175589100241)"
1,,,,"('agricultural', 0.0583064452299099)"
2,,,,"('social', 0.052576035068161664)"
3,,,,"('system', 0.04660928664070859)"
4,,,,"('irf', 0.04660928664070859)"
5,,,,"('manager', 0.040365538998916164)"
6,,,,"('in', 0.03712283329075692)"
7,,,,"('change', 0.033787577251767634)"
8,,,,"('food', 0.033787577251767634)"
9,,,,"('strategy', 0.030347969527417612)"
