,Topic,Count,Name,-1
0,-1.0,21.0,-1_farmer_agricultural_strategy_system,"('farmer', 0.07266650987922485)"
1,,,,"('agricultural', 0.06500023385619558)"
2,,,,"('strategy', 0.058326008345130666)"
3,,,,"('system', 0.054179163559466975)"
4,,,,"('data', 0.04401217550523464)"
5,,,,"('impact', 0.042495252529106194)"
6,,,,"('production', 0.039405674372218966)"
7,,,,"('policy', 0.039405674372218966)"
8,,,,"('food', 0.03783115686614048)"
9,,,,"('result', 0.03461725576864235)"
