,Topic,Count,Name,-1
0,-1.0,26.0,-1_farmer_impact_farm_weather,"('farmer', 0.07033583772243306)"
1,,,,"('impact', 0.048540620868916494)"
2,,,,"('farm', 0.04514680164091077)"
3,,,,"('weather', 0.04399609108428645)"
4,,,,"('agricultural', 0.04283511675668884)"
5,,,,"('future', 0.04048090834630475)"
6,,,,"('model', 0.04048090834630475)"
7,,,,"('change', 0.03808096403895592)"
8,,,,"('level', 0.03438696448583639)"
9,,,,"('agriculture', 0.03438696448583639)"
