,Topic,Count,Name,-1
0,-1.0,16.0,-1_crop_wheat_soil_region,"('crop', 0.07075531303619378)"
1,,,,"('wheat', 0.058379214506650345)"
2,,,,"('soil', 0.05180411783007369)"
3,,,,"('region', 0.046319184412762684)"
4,,,,"('model', 0.04491285201557585)"
5,,,,"('production', 0.03912913322862419)"
6,,,,"('water', 0.03613168943607966)"
7,,,,"('land', 0.034603400307648864)"
8,,,,"('cropping', 0.034603400307648864)"
9,,,,"('corn', 0.034603400307648864)"
