,Topic,Count,Name,-1
0,-1.0,15.0,-1_water_precipitation_change_increase,"('water', 0.07682171907133156)"
1,,,,"('precipitation', 0.06759132397582465)"
2,,,,"('change', 0.050440634684863456)"
3,,,,"('increase', 0.04103921752638449)"
4,,,,"('resource', 0.03940365245778579)"
5,,,,"('model', 0.03940365245778579)"
6,,,,"('trend', 0.03940365245778579)"
7,,,,"('basin', 0.037745767409041044)"
8,,,,"('temperature', 0.037745767409041044)"
9,,,,"('season', 0.037745767409041044)"
