,Topic,Count,Name,-1
0,-1.0,30.0,-1_forest_management_level_knowledge,"('forest', 0.13255745414416745)"
1,,,,"('management', 0.05569817771696084)"
2,,,,"('level', 0.03221943992658667)"
3,,,,"('knowledge', 0.03117847533488668)"
4,,,,"('area', 0.03012703114980606)"
5,,,,"('adaptive', 0.027990816193333327)"
6,,,,"('owner', 0.025806562231191574)"
7,,,,"('ecosystem', 0.024694860707508343)"
8,,,,"('restoration', 0.024694860707508343)"
9,,,,"('risk', 0.023569140703219103)"
