,Topic,Count,Name,-1
0,-1.0,21.0,-1_precipitation_data_increase_trend,"('precipitation', 0.060781490496181916)"
1,,,,"('data', 0.04769217433677498)"
2,,,,"('increase', 0.04644069287805661)"
3,,,,"('trend', 0.043902051709554975)"
4,,,,"('extreme', 0.03999797250280257)"
5,,,,"('future', 0.038668874313884105)"
6,,,,"('model', 0.035965355366110986)"
7,,,,"('temperature', 0.035965355366110986)"
8,,,,"('rainfall', 0.03319648547530211)"
9,,,,"('pe', 0.03319648547530211)"
