,Topic,Count,Name,-1
0,-1.0,14.0,-1_wildlife_management_conservation_community,"('wildlife', 0.056944863587529815)"
1,,,,"('management', 0.054930614433405495)"
2,,,,"('conservation', 0.04220881980993161)"
3,,,,"('community', 0.03996492121330618)"
4,,,,"('decision', 0.03996492121330618)"
5,,,,"('livelihood', 0.03296844097446566)"
6,,,,"('result', 0.03296844097446566)"
7,,,,"('approach', 0.03296844097446566)"
8,,,,"('also', 0.03296844097446566)"
9,,,,"('climatic', 0.030535111398351626)"
