,Topic,Count,Name,-1
0,-1.0,48.0,-1_increase_water_area_co2,"('increase', 0.04294606528258265)"
1,,,,"('water', 0.03901059768286232)"
2,,,,"('area', 0.03597284377307697)"
3,,,,"('co2', 0.03125796194825744)"
4,,,,"('year', 0.030181442943443593)"
5,,,,"('emission', 0.029638919193402363)"
6,,,,"('result', 0.025755118097255468)"
7,,,,"('use', 0.025187024918159027)"
8,,,,"('yield', 0.024615343418418263)"
9,,,,"('increased', 0.024615343418418263)"
