,Topic,Count,Name,-1
0,-1.0,20.0,-1_farmer_risk_weather_agricultural,"('farmer', 0.10323625823843186)"
1,,,,"('risk', 0.05243317758263387)"
2,,,,"('weather', 0.04349951226017917)"
3,,,,"('agricultural', 0.04083268664156099)"
4,,,,"('service', 0.03810733720474098)"
5,,,,"('farm', 0.03672105971412198)"
6,,,,"('policy', 0.03389742451362114)"
7,,,,"('decision', 0.032458276545096316)"
8,,,,"('barrier', 0.029520078595072885)"
9,,,,"('need', 0.029520078595072885)"
