,Topic,Count,Name,-1
0,-1.0,29.0,-1_farmer_strategy_system_impact,"('farmer', 0.09231031830639504)"
1,,,,"('strategy', 0.05175072975637828)"
2,,,,"('system', 0.04486608035973788)"
3,,,,"('impact', 0.040766178824850015)"
4,,,,"('crop', 0.040766178824850015)"
5,,,,"('rural', 0.039720020236675764)"
6,,,,"('agricultural', 0.039720020236675764)"
7,,,,"('farm', 0.03866482223173217)"
8,,,,"('food', 0.035441706497196315)"
9,,,,"('agriculture', 0.030995501612679402)"
