,Topic,Count,Name,-1
0,-1.0,23.0,-1_impact_model_policy_risk,"('impact', 0.053794488310787966)"
1,,,,"('model', 0.041146866275060666)"
2,,,,"('policy', 0.03238681244472351)"
3,,,,"('risk', 0.03238681244472351)"
4,,,,"('scale', 0.029751727617535913)"
5,,,,"('knowledge', 0.029751727617535913)"
6,,,,"('strategy', 0.028408261444887416)"
7,,,,"('water', 0.028408261444887416)"
8,,,,"('uncertainty', 0.02704615221057789)"
9,,,,"('region', 0.02704615221057789)"
