,Topic,Count,Name,-1
0,-1.0,32.0,-1_farmer_agricultural_farm_strategy,"('farmer', 0.07885465962106757)"
1,,,,"('agricultural', 0.05098622026907038)"
2,,,,"('farm', 0.04240251875791644)"
3,,,,"('strategy', 0.03941104550873286)"
4,,,,"('risk', 0.038397469500047715)"
5,,,,"('impact', 0.038397469500047715)"
6,,,,"('economic', 0.03634400943676294)"
7,,,,"('decision', 0.033193152905478474)"
8,,,,"('practice', 0.03212253970061998)"
9,,,,"('social', 0.0310410560651446)"
