,Topic,Count,Name,-1
0,-1.0,35.0,-1_farmer_agricultural_crop_csa,"('farmer', 0.09795369216262798)"
1,,,,"('agricultural', 0.04762894054296845)"
2,,,,"('crop', 0.044481963230294484)"
3,,,,"('csa', 0.043683395317990245)"
4,,,,"('practice', 0.03625771596301896)"
5,,,,"('adoption', 0.03367519298478125)"
6,,,,"('agriculture', 0.03367519298478125)"
7,,,,"('policy', 0.03280083121391685)"
8,,,,"('strategy', 0.03191933217128193)"
9,,,,"('technology', 0.03191933217128193)"
