,Topic,Count,Name,-1
0,-1.0,26.0,-1_temperature_year_vegetation_area,"('temperature', 0.04229410895464697)"
1,,,,"('year', 0.03130040819601673)"
2,,,,"('vegetation', 0.030245079744133294)"
3,,,,"('area', 0.029178757701788315)"
4,,,,"('factor', 0.028100936174339435)"
5,,,,"('urban', 0.02590852265152132)"
6,,,,"('data', 0.02590852265152132)"
7,,,,"('scenario', 0.02590852265152132)"
8,,,,"('growth', 0.02590852265152132)"
9,,,,"('high', 0.02590852265152132)"
