,Topic,Count,Name,-1
0,-1.0,33.0,-1_rice_yield_crop_maize,"('rice', 0.06056308439290725)"
1,,,,"('yield', 0.059876628728170796)"
2,,,,"('crop', 0.04844549884681426)"
3,,,,"('maize', 0.044676119263285935)"
4,,,,"('farmer', 0.0400045899637004)"
5,,,,"('water', 0.038407660416302475)"
6,,,,"('cultivar', 0.03514770962837774)"
7,,,,"('planting', 0.03093487945606851)"
8,,,,"('production', 0.028323581434001308)"
9,,,,"('plant', 0.028323581434001308)"
