,Topic,Count,Name,-1
0,-1.0,23.0,-1_farmer_crop_agricultural_land,"('farmer', 0.07775700772397545)"
1,,,,"('crop', 0.05591360947340992)"
2,,,,"('agricultural', 0.05115837285300672)"
3,,,,"('land', 0.0462388887339789)"
4,,,,"('water', 0.0462388887339789)"
5,,,,"('impact', 0.044980763975786736)"
6,,,,"('system', 0.03982238899013986)"
7,,,,"('adoption', 0.037160324299819594)"
8,,,,"('result', 0.034436270192917)"
9,,,,"('policy', 0.031643914049529986)"
