,Topic,Count,Name,-1
0,-1.0,36.0,-1_farmer_household_strategy_impact,"('farmer', 0.09123234166060407)"
1,,,,"('household', 0.05250529483429731)"
2,,,,"('strategy', 0.05033910447716068)"
3,,,,"('impact', 0.04209142481295817)"
4,,,,"('livelihood', 0.03409603946657161)"
5,,,,"('climatic', 0.03326520896715334)"
6,,,,"('local', 0.03326520896715334)"
7,,,,"('practice', 0.031584192605472565)"
8,,,,"('vulnerability', 0.031584192605472565)"
9,,,,"('result', 0.031584192605472565)"
