,Topic,Count,Name,-1
0,-1.0,43.0,-1_farmer_farm_agricultural_strategy,"('farmer', 0.12985634071162563)"
1,,,,"('farm', 0.048019380030476636)"
2,,,,"('agricultural', 0.044848391799628524)"
3,,,,"('strategy', 0.04093919451242649)"
4,,,,"('crop', 0.03758526910665301)"
5,,,,"('perception', 0.03621682399942959)"
6,,,,"('risk', 0.03621682399942959)"
7,,,,"('farming', 0.03413303626133439)"
8,,,,"('adoption', 0.032721847610162384)"
9,,,,"('impact', 0.032721847610162384)"
