,Topic,Count,Name,-1
0,-1.0,21.0,-1_coastal_island_risk_impact,"('coastal', 0.07551536442212596)"
1,,,,"('island', 0.05355049173947993)"
2,,,,"('risk', 0.049329492446837514)"
3,,,,"('impact', 0.04047515861138634)"
4,,,,"('community', 0.04047515861138634)"
5,,,,"('sea', 0.04047515861138634)"
6,,,,"('level', 0.04047515861138634)"
7,,,,"('city', 0.035803117254116314)"
8,,,,"('rise', 0.032579716175803464)"
9,,,,"('local', 0.032579716175803464)"
