,Topic,Count,Name,-1
0,-1.0,18.0,-1_water_river_resource_change,"('water', 0.08978217755850203)"
1,,,,"('river', 0.048985104104572935)"
2,,,,"('resource', 0.04196433518398304)"
3,,,,"('change', 0.03755905281653204)"
4,,,,"('runoff', 0.03755905281653204)"
5,,,,"('effect', 0.03605385756660378)"
6,,,,"('basin', 0.03141364067181101)"
7,,,,"('wetland', 0.029821128897193808)"
8,,,,"('area', 0.029821128897193808)"
9,,,,"('result', 0.028203202072177486)"
