,Topic,Count,Name,-1
0,-1.0,41.0,-1_crop_yield_temperature_drought,"('crop', 0.055408330111711465)"
1,,,,"('yield', 0.04994192718930017)"
2,,,,"('temperature', 0.03694436905263982)"
3,,,,"('drought', 0.0355663457081812)"
4,,,,"('soil', 0.034871052866330896)"
5,,,,"('water', 0.03275874716463727)"
6,,,,"('model', 0.030604239763544455)"
7,,,,"('production', 0.029876058203491786)"
8,,,,"('period', 0.029876058203491786)"
9,,,,"('impact', 0.02840374949880092)"
