,Topic,Count,Name,-1
0,-1.0,34.0,-1_yield_crop_increase_production,"('yield', 0.06602512796168249)"
1,,,,"('crop', 0.061050183091025514)"
2,,,,"('increase', 0.04180359447493438)"
3,,,,"('production', 0.038452670393720585)"
4,,,,"('agricultural', 0.03500507808871637)"
5,,,,"('impact', 0.03500507808871637)"
6,,,,"('future', 0.034126697750990614)"
7,,,,"('global', 0.034126697750990614)"
8,,,,"('food', 0.031448482906518534)"
9,,,,"('increased', 0.030540539690116893)"
