,Topic,Count,Name,-1
0,-1.0,33.0,-1_farmer_crop_information_agricultural,"('farmer', 0.1298584753510076)"
1,,,,"('crop', 0.0562278868279627)"
2,,,,"('information', 0.04150854205498875)"
3,,,,"('agricultural', 0.03976786552350062)"
4,,,,"('strategy', 0.03976786552350062)"
5,,,,"('use', 0.038002033574585474)"
6,,,,"('system', 0.03346704414753737)"
7,,,,"('farm', 0.03159997723746822)"
8,,,,"('perception', 0.03065397017441394)"
9,,,,"('analysis', 0.03065397017441394)"
