,Topic,Count,Name,-1
0,-1.0,44.0,-1_farmer_strategy_farm_factor,"('farmer', 0.14997010892397136)"
1,,,,"('strategy', 0.05384783803365097)"
2,,,,"('farm', 0.04981005027921969)"
3,,,,"('factor', 0.045652546111636466)"
4,,,,"('agricultural', 0.044947024057072196)"
5,,,,"('household', 0.04063133016335929)"
6,,,,"('information', 0.039897467914986474)"
7,,,,"('model', 0.035397453304203186)"
8,,,,"('result', 0.035397453304203186)"
9,,,,"('perception', 0.03385760314103237)"
