,Topic,Count,Name,-1
0,-1.0,22.0,-1_water_model_impact_gw,"('water', 0.05100723147422886)"
1,,,,"('model', 0.04100844113257173)"
2,,,,"('impact', 0.039702653262258324)"
3,,,,"('gw', 0.03569802815454312)"
4,,,,"('use', 0.0343317875159482)"
5,,,,"('result', 0.032948556795093425)"
6,,,,"('community', 0.03154742872570959)"
7,,,,"('land', 0.03154742872570959)"
8,,,,"('cost', 0.030127395072877382)"
9,,,,"('increase', 0.030127395072877382)"
