,Topic,Count,Name,-1
0,-1.0,23.0,-1_energy_system_food_strategy,"('energy', 0.03510505292983568)"
1,,,,"('system', 0.03308155148373344)"
2,,,,"('food', 0.03101960928112881)"
3,,,,"('strategy', 0.028915973828325565)"
4,,,,"('impact', 0.027847346832742842)"
5,,,,"('global', 0.026766798935547655)"
6,,,,"('water', 0.026766798935547655)"
7,,,,"('environmental', 0.02567372730306399)"
8,,,,"('technology', 0.02344727316142529)"
9,,,,"('power', 0.02344727316142529)"
