,Topic,Count,Name,-1
0,-1.0,30.0,-1_farmer_farm_crop_impact,"('farmer', 0.07614766278020134)"
1,,,,"('farm', 0.06892098159721811)"
2,,,,"('crop', 0.05981753777987707)"
3,,,,"('impact', 0.05506152540247391)"
4,,,,"('agricultural', 0.049312936314437374)"
5,,,,"('model', 0.04591945618072697)"
6,,,,"('effect', 0.038857476551229606)"
7,,,,"('production', 0.03702713994510328)"
8,,,,"('system', 0.03516765496214334)"
9,,,,"('strategy', 0.03135305589970095)"
