,Topic,Count,Name,-1
0,-1.0,31.0,-1_farmer_production_yield_crop,"('farmer', 0.058564722627081414)"
1,,,,"('production', 0.0454066993111154)"
2,,,,"('yield', 0.04459268713597373)"
3,,,,"('crop', 0.037886539182575486)"
4,,,,"('agriculture', 0.036150613251119554)"
5,,,,"('land', 0.03527277602447932)"
6,,,,"('impact', 0.03438807892136545)"
7,,,,"('region', 0.0316905069800156)"
8,,,,"('analysis', 0.02985327963806058)"
9,,,,"('use', 0.02985327963806058)"
