,Topic,Count,Name,-1
0,-1.0,16.0,-1_rainfall_future_model_extreme,"('rainfall', 0.10816630711777225)"
1,,,,"('future', 0.08359045751718915)"
2,,,,"('model', 0.08233927015634551)"
3,,,,"('extreme', 0.07200747099879294)"
4,,,,"('water', 0.053742950106017796)"
5,,,,"('increase', 0.049200503960678606)"
6,,,,"('result', 0.04450476708066253)"
7,,,,"('precipitation', 0.04290191427354979)"
8,,,,"('using', 0.04290191427354979)"
9,,,,"('drought', 0.04127875733001572)"
