,Topic,Count,Name,-1
0,-1.0,23.0,-1_farmer_farm_water_system,"('farmer', 0.0839376911368639)"
1,,,,"('farm', 0.0473669979722331)"
2,,,,"('water', 0.04598456151479718)"
3,,,,"('system', 0.04598456151479718)"
4,,,,"('policy', 0.04458768531283581)"
5,,,,"('crop', 0.043175780079091446)"
6,,,,"('risk', 0.03884322019802091)"
7,,,,"('strategy', 0.03884322019802091)"
8,,,,"('agricultural', 0.03586635747917427)"
9,,,,"('model', 0.034348626573875045)"
