,Topic,Count,Name,-1
0,-1.0,104.0,-1_water_management_system_policy,"('water', 0.1090145871556749)"
1,,,,"('management', 0.04743685491290091)"
2,,,,"('system', 0.0364421174220214)"
3,,,,"('policy', 0.03547954690079614)"
4,,,,"('model', 0.03418327768840024)"
5,,,,"('impact', 0.03287168063325482)"
6,,,,"('resource', 0.03154397828121401)"
7,,,,"('approach', 0.031209437512639285)"
8,,,,"('ecosystem', 0.02780238701474194)"
9,,,,"('river', 0.026053387352439155)"
