,Topic,Count,Name,-1
0,-1.0,35.0,-1_water_management_model_system,"('water', 0.11954978203551805)"
1,,,,"('management', 0.048308184271622166)"
2,,,,"('model', 0.04645076900416017)"
3,,,,"('system', 0.04551239714710162)"
4,,,,"('resource', 0.0377483570196899)"
5,,,,"('hydrological', 0.0357275161138682)"
6,,,,"('river', 0.03470360043746484)"
7,,,,"('resilience', 0.033670239618841066)"
8,,,,"('impact', 0.03050965018414537)"
9,,,,"('based', 0.02943450972895343)"
