,Topic,Count,Name,-1
0,-1.0,25.0,-1_forest_ecosystem_ecological_management,"('forest', 0.11404450321647308)"
1,,,,"('ecosystem', 0.07473272339568594)"
2,,,,"('ecological', 0.06051392997015093)"
3,,,,"('management', 0.057514436095116424)"
4,,,,"('policy', 0.05133059807290234)"
5,,,,"('system', 0.04596528974695112)"
6,,,,"('based', 0.03806744379209045)"
7,,,,"('service', 0.03571399417793532)"
8,,,,"('environmental', 0.032089447692633555)"
9,,,,"('risk', 0.032089447692633555)"
