,Topic,Count,Name,-1
0,-1.0,20.0,-1_water_model_management_river,"('water', 0.09463994820361171)"
1,,,,"('model', 0.05409647199454079)"
2,,,,"('management', 0.04318882846995803)"
3,,,,"('river', 0.03737561859430335)"
4,,,,"('analysis', 0.03737561859430335)"
5,,,,"('level', 0.031258577203803956)"
6,,,,"('basin', 0.031258577203803956)"
7,,,,"('policy', 0.031258577203803956)"
8,,,,"('framework', 0.031258577203803956)"
9,,,,"('resource', 0.029673497819382604)"
