,Topic,Count,Name,-1
0,-1.0,42.0,-1_model_agricultural_policy_strategy,"('model', 0.04796523327685837)"
1,,,,"('agricultural', 0.043724678639578435)"
2,,,,"('policy', 0.03784379624742931)"
3,,,,"('strategy', 0.03632788991528987)"
4,,,,"('agriculture', 0.03323438225629097)"
5,,,,"('based', 0.030050324785454576)"
6,,,,"('crop', 0.030050324785454576)"
7,,,,"('information', 0.029238792450489014)"
8,,,,"('approach', 0.029238792450489014)"
9,,,,"('impact', 0.02842062641909811)"
