,Topic,Count,Name,-1
0,-1.0,23.0,-1_coastal_community_management_local,"('coastal', 0.10329812210574145)"
1,,,,"('community', 0.04812256918906417)"
2,,,,"('management', 0.04442560703750845)"
3,,,,"('local', 0.043169983576293224)"
4,,,,"('policy', 0.043169983576293224)"
5,,,,"('risk', 0.043169983576293224)"
6,,,,"('level', 0.03535789870754963)"
7,,,,"('planning', 0.03535789870754963)"
8,,,,"('impact', 0.034003908668569026)"
9,,,,"('information', 0.03263312814494107)"
