,Topic,Count,Name,-1
0,-1.0,28.0,-1_management_ecosystem_conservation_approach,"('management', 0.05471171478109282)"
1,,,,"('ecosystem', 0.05097497212076795)"
2,,,,"('conservation', 0.04014475954385892)"
3,,,,"('approach', 0.034896692460826335)"
4,,,,"('system', 0.030515143565759056)"
5,,,,"('global', 0.02939066955945368)"
6,,,,"('based', 0.02939066955945368)"
7,,,,"('environmental', 0.028253462126904997)"
8,,,,"('challenge', 0.028253462126904997)"
9,,,,"('policy', 0.028253462126904997)"
