,Topic,Count,Name,-1
0,-1.0,12.0,-1_scenario_model_emission_water,"('scenario', 0.05538723789078411)"
1,,,,"('model', 0.0510323532481427)"
2,,,,"('emission', 0.04880434276116118)"
3,,,,"('water', 0.046539936733737686)"
4,,,,"('carbon', 0.04423680914615297)"
5,,,,"('future', 0.03950346397165308)"
6,,,,"('impact', 0.03706675198052517)"
7,,,,"('aor', 0.03706675198052517)"
8,,,,"('management', 0.03706675198052517)"
9,,,,"('practice', 0.03457812536454181)"
