,Topic,Count,Name,-1
0,-1.0,14.0,-1_coastal_community_threat_tourism,"('coastal', 0.10229563622015254)"
1,,,,"('community', 0.08052619471702699)"
2,,,,"('threat', 0.04947769010402601)"
3,,,,"('tourism', 0.04287547153290696)"
4,,,,"('ecosystem', 0.04059845107466454)"
5,,,,"('impact', 0.035913031988360246)"
6,,,,"('environmental', 0.035913031988360246)"
7,,,,"('challenge', 0.03349738475523107)"
8,,,,"('level', 0.03349738475523107)"
9,,,,"('policy', 0.03349738475523107)"
