,Topic,Count,Name,-1
0,-1.0,23.0,-1_ecosystem_policy_environmental_community,"('ecosystem', 0.067436450009817)"
1,,,,"('policy', 0.05032222658709933)"
2,,,,"('environmental', 0.05032222658709933)"
3,,,,"('community', 0.044142963652559083)"
4,,,,"('knowledge', 0.04255226524297478)"
5,,,,"('ecological', 0.04255226524297478)"
6,,,,"('process', 0.040941468276580725)"
7,,,,"('based', 0.040941468276580725)"
8,,,,"('local', 0.039309549019332944)"
9,,,,"('management', 0.03765537580915404)"
