,Topic,Count,Name,-1
0,-1.0,26.0,-1_policy_water_mitigation_approach,"('policy', 0.05762737438030036)"
1,,,,"('water', 0.04156880011597849)"
2,,,,"('mitigation', 0.04034477997825789)"
3,,,,"('approach', 0.039108489187636535)"
4,,,,"('carbon', 0.03659705680146873)"
5,,,,"('emission', 0.03659705680146873)"
6,,,,"('environmental', 0.03402997512655641)"
7,,,,"('country', 0.03272392079723898)"
8,,,,"('impact', 0.03272392079723898)"
9,,,,"('economic', 0.030062908498760012)"
