,Topic,Count,Name,-1
0,-1.0,17.0,-1_coastal_community_strategy_risk,"('coastal', 0.06748946078014924)"
1,,,,"('community', 0.04879910026315179)"
2,,,,"('strategy', 0.043726019837956695)"
3,,,,"('risk', 0.04023102304858862)"
4,,,,"('knowledge', 0.03663378841141586)"
5,,,,"('process', 0.03663378841141586)"
6,,,,"('barrier', 0.034792881269516435)"
7,,,,"('impact', 0.034792881269516435)"
8,,,,"('based', 0.032921258839304766)"
9,,,,"('protection', 0.03101669299065922)"
