,Topic,Count,Name,-1
0,-1.0,24.0,-1_farmer_strategy_impact_knowledge,"('farmer', 0.04601737371290829)"
1,,,,"('strategy', 0.04331190857922399)"
2,,,,"('impact', 0.03914333169052104)"
3,,,,"('knowledge', 0.03772173961577709)"
4,,,,"('risk', 0.03772173961577709)"
5,,,,"('household', 0.034825748815238394)"
6,,,,"('climatic', 0.034825748815238394)"
7,,,,"('community', 0.03185300688539459)"
8,,,,"('scale', 0.03185300688539459)"
9,,,,"('capacity', 0.03033506650932367)"
