,Topic,Count,Name,-1
0,-1.0,26.0,-1_water_model_management_energy,"('water', 0.13242017811628848)"
1,,,,"('model', 0.03805493442889527)"
2,,,,"('management', 0.03692806964066388)"
3,,,,"('energy', 0.03579020742160175)"
4,,,,"('ecosystem', 0.032305977788719256)"
5,,,,"('resource', 0.028704164166190857)"
6,,,,"('system', 0.028704164166190857)"
7,,,,"('hydrological', 0.028704164166190857)"
8,,,,"('city', 0.02747432826818076)"
9,,,,"('analysis', 0.02747432826818076)"
