,Topic,Count,Name,-1
0,-1.0,29.0,-1_land_use_ecosystem_landscape,"('land', 0.05978048309713037)"
1,,,,"('use', 0.04175909620578137)"
2,,,,"('ecosystem', 0.03991061429620022)"
3,,,,"('landscape', 0.03320540335542733)"
4,,,,"('grassland', 0.03221411724625214)"
5,,,,"('soil', 0.030203285088622068)"
6,,,,"('area', 0.030203285088622068)"
7,,,,"('policy', 0.030203285088622068)"
8,,,,"('service', 0.0291829542710805)"
9,,,,"('impact', 0.028152100646330332)"
