,Topic,Count,Name,-1
0,-1.0,16.0,-1_forest_management_community_framework,"('forest', 0.07129001786892028)"
1,,,,"('management', 0.051624514553451344)"
2,,,,"('community', 0.048083526516134865)"
3,,,,"('framework', 0.038798222920824105)"
4,,,,"('adaptive', 0.03685532573790324)"
5,,,,"('approach', 0.03487945121351486)"
6,,,,"('assessment', 0.03487945121351486)"
7,,,,"('strategy', 0.03487945121351486)"
8,,,,"('resource', 0.03487945121351486)"
9,,,,"('local', 0.03286820468830129)"
