,Topic,Count,Name,-1
0,-1.0,47.0,-1_water_food_system_irrigation,"('water', 0.04814786215882883)"
1,,,,"('food', 0.036905530891801534)"
2,,,,"('system', 0.030237722083325525)"
3,,,,"('irrigation', 0.030237722083325525)"
4,,,,"('sustainable', 0.027704342888947926)"
5,,,,"('strategy', 0.02575990002917709)"
6,,,,"('community', 0.023101140997294704)"
7,,,,"('building', 0.02242354777968485)"
8,,,,"('based', 0.02242354777968485)"
9,,,,"('farming', 0.021740413884642745)"
