,Topic,Count,Name,-1
0,-1.0,55.0,-1_forest_management_knowledge_area,"('forest', 0.08941786114395281)"
1,,,,"('management', 0.04718713234754541)"
2,,,,"('knowledge', 0.02927904086919553)"
3,,,,"('area', 0.028670514917912147)"
4,,,,"('community', 0.02556916103337017)"
5,,,,"('level', 0.02493633717042129)"
6,,,,"('strategy', 0.02429902659057921)"
7,,,,"('result', 0.02429902659057921)"
8,,,,"('impact', 0.02429902659057921)"
9,,,,"('ecosystem', 0.023010351058535758)"
