,Topic,Count,Name,-1
0,-1.0,17.0,-1_water_lake_fishery_impact,"('water', 0.04877060280667722)"
1,,,,"('lake', 0.04568364805766476)"
2,,,,"('fishery', 0.04091363376467136)"
3,,,,"('impact', 0.034251524854754606)"
4,,,,"('vulnerability', 0.03252354386123285)"
5,,,,"('china', 0.030767294203924045)"
6,,,,"('management', 0.030767294203924045)"
7,,,,"('period', 0.027161479284307278)"
8,,,,"('measure', 0.027161479284307278)"
9,,,,"('coastal', 0.027161479284307278)"
