,Topic,Count,Name,-1
0,-1.0,30.0,-1_fishery_fish_effect_coastal,"('fishery', 0.06318608319191683)"
1,,,,"('fish', 0.0430198727442892)"
2,,,,"('effect', 0.03523336452939301)"
3,,,,"('coastal', 0.03523336452939301)"
4,,,,"('fishing', 0.03422277251880713)"
5,,,,"('salmon', 0.031133813865247443)"
6,,,,"('region', 0.031133813865247443)"
7,,,,"('water', 0.029022849797177917)"
8,,,,"('strategy', 0.027950482489050313)"
9,,,,"('model', 0.02686614034140555)"
