,Topic,Count,Name,-1
0,-1.0,58.0,-1_agricultural_impact_crop_production,"('agricultural', 0.055591637933548654)"
1,,,,"('impact', 0.053465907409552066)"
2,,,,"('crop', 0.0517428466620841)"
3,,,,"('production', 0.0491187121710609)"
4,,,,"('yield', 0.04554075580742381)"
5,,,,"('model', 0.04092774752356651)"
6,,,,"('region', 0.03466045197013947)"
7,,,,"('management', 0.03316437795878703)"
8,,,,"('water', 0.032155476626172484)"
9,,,,"('land', 0.030623924483341104)"
