,Topic,Count,Name,-1
0,-1.0,18.0,-1_forest_management_ecological_risk,"('forest', 0.06646865148504669)"
1,,,,"('management', 0.0410665724363104)"
2,,,,"('ecological', 0.03470824689979386)"
3,,,,"('risk', 0.03306225978669951)"
4,,,,"('local', 0.031390922602278624)"
5,,,,"('strategy', 0.031390922602278624)"
6,,,,"('state', 0.02969252081425738)"
7,,,,"('system', 0.02969252081425738)"
8,,,,"('area', 0.02969252081425738)"
9,,,,"('community', 0.026206380683308446)"
