,Topic,Count,Name,-1
0,-1.0,77.0,-1_farmer_practice_agricultural_farm,"('farmer', 0.09232397271999378)"
1,,,,"('practice', 0.037192326625365396)"
2,,,,"('agricultural', 0.036825863157525646)"
3,,,,"('farm', 0.036458242316140546)"
4,,,,"('crop', 0.03460224339845098)"
5,,,,"('impact', 0.03347374176159354)"
6,,,,"('strategy', 0.03195069044317757)"
7,,,,"('food', 0.031566515164396194)"
8,,,,"('smallholder', 0.031566515164396194)"
9,,,,"('policy', 0.03001552585500205)"
