,Topic,Count,Name,-1
0,-1.0,25.0,-1_food_system_production_potential,"('food', 0.10261672311977196)"
1,,,,"('system', 0.045548905649028706)"
2,,,,"('production', 0.04348653460031895)"
3,,,,"('potential', 0.03817934113121613)"
4,,,,"('security', 0.03817934113121613)"
5,,,,"('land', 0.03487889118591332)"
6,,,,"('agricultural', 0.03375713551193262)"
7,,,,"('crop', 0.03262382535372427)"
8,,,,"('practice', 0.03262382535372427)"
9,,,,"('management', 0.03147845129701674)"
