,Topic,Count,Name,-1
0,-1.0,34.0,-1_forest_tree_area_land,"('forest', 0.11175155546385668)"
1,,,,"('tree', 0.04883063013047428)"
2,,,,"('area', 0.048146828538727336)"
3,,,,"('land', 0.03892020151835826)"
4,,,,"('management', 0.03892020151835826)"
5,,,,"('use', 0.03131169129777966)"
6,,,,"('site', 0.026471041347669956)"
7,,,,"('policy', 0.0256401712826789)"
8,,,,"('landscape', 0.024801696225476993)"
9,,,,"('cover', 0.024801696225476993)"
