,Topic,Count,Name,-1
0,-1.0,62.0,-1_farmer_strategy_crop_household,"('farmer', 0.11156145766003439)"
1,,,,"('strategy', 0.054251432675520045)"
2,,,,"('crop', 0.04712541695702707)"
3,,,,"('household', 0.04425175358947731)"
4,,,,"('agricultural', 0.03341522549581671)"
5,,,,"('impact', 0.031582758493401523)"
6,,,,"('smallholder', 0.03065450641209594)"
7,,,,"('data', 0.03065450641209594)"
8,,,,"('food', 0.03018724378383513)"
9,,,,"('farm', 0.028772413034122247)"
