,Topic,Count,Name,-1
0,-1.0,35.0,-1_crop_farmer_yield_system,"('crop', 0.06308359363361371)"
1,,,,"('farmer', 0.05717295147667386)"
2,,,,"('yield', 0.04891359089017646)"
3,,,,"('system', 0.040884549096852026)"
4,,,,"('impact', 0.03936916706317528)"
5,,,,"('model', 0.03627995085031544)"
6,,,,"('wheat', 0.03627995085031544)"
7,,,,"('temperature', 0.03148327434730344)"
8,,,,"('maize', 0.03148327434730344)"
9,,,,"('agricultural', 0.03148327434730344)"
