,Topic,Count,Name,-1
0,-1.0,29.0,-1_farmer_country_level_farm,"('farmer', 0.04220881980993161)"
1,,,,"('country', 0.039474356224665025)"
2,,,,"('level', 0.0328383214674712)"
3,,,,"('farm', 0.0328383214674712)"
4,,,,"('strategy', 0.03185737070368134)"
5,,,,"('system', 0.030867251767691818)"
6,,,,"('community', 0.02986759316458643)"
7,,,,"('household', 0.026807174578771218)"
8,,,,"('social', 0.024710785012679093)"
9,,,,"('in', 0.024710785012679093)"
