,Topic,Count,Name,-1
0,-1.0,13.0,-1_forest_management_owner_risk,"('forest', 0.16865724937728443)"
1,,,,"('management', 0.0949081274133042)"
2,,,,"('owner', 0.08946478584706642)"
3,,,,"('risk', 0.05509928341770284)"
4,,,,"('practice', 0.05053360097571001)"
5,,,,"('adaptive', 0.045815577987056)"
6,,,,"('result', 0.04092433442591958)"
7,,,,"('factor', 0.03583249575870182)"
8,,,,"('based', 0.030502585852067686)"
9,,,,"('different', 0.030502585852067686)"
