,Topic,Count,Name,-1
0,-1.0,72.0,-1_farmer_household_food_impact,"('farmer', 0.08153749449323912)"
1,,,,"('household', 0.06188475150476637)"
2,,,,"('food', 0.044897419073067324)"
3,,,,"('impact', 0.04099862519788067)"
4,,,,"('agricultural', 0.04020423785966362)"
5,,,,"('strategy', 0.039805116986720686)"
6,,,,"('agriculture', 0.03022459312119275)"
7,,,,"('farm', 0.028909949917425886)"
8,,,,"('result', 0.028467866910573146)"
9,,,,"('smallholder', 0.02802378728815983)"
