,Topic,Count,Name,-1
0,-1.0,33.0,-1_food_water_agricultural_system,"('food', 0.07867267118978641)"
1,,,,"('water', 0.06875918687951607)"
2,,,,"('agricultural', 0.054084681672025396)"
3,,,,"('system', 0.053383334925823055)"
4,,,,"('security', 0.050543546988412874)"
5,,,,"('agriculture', 0.04468486270759465)"
6,,,,"('impact', 0.042419822123097715)"
7,,,,"('production', 0.030409355873417657)"
8,,,,"('result', 0.02956024121218452)"
9,,,,"('management', 0.02956024121218452)"
