,Topic,Count,Name,-1
0,-1.0,24.0,-1_rice_yield_farmer_food,"('rice', 0.07959721807042838)"
1,,,,"('yield', 0.07098833776610891)"
2,,,,"('farmer', 0.049300460628593196)"
3,,,,"('food', 0.048282566212274655)"
4,,,,"('crop', 0.047257094723129035)"
5,,,,"('agricultural', 0.042008104282765135)"
6,,,,"('impact', 0.040932185485362864)"
7,,,,"('production', 0.040932185485362864)"
8,,,,"('water', 0.03875187021226331)"
9,,,,"('based', 0.03311779444206874)"
