,Topic,Count,Name,-1
0,-1.0,98.0,-1_farmer_household_strategy_data,"('farmer', 0.07311830300326379)"
1,,,,"('household', 0.05830178372079327)"
2,,,,"('strategy', 0.0510260702451704)"
3,,,,"('data', 0.03859066369626466)"
4,,,,"('farm', 0.03488779103229873)"
5,,,,"('practice', 0.02775670301975568)"
6,,,,"('result', 0.026744145817485708)"
7,,,,"('perception', 0.026404209274527933)"
8,,,,"('using', 0.026063031854436834)"
9,,,,"('crop', 0.026063031854436834)"
