,Topic,Count,Name,-1
0,-1.0,11.0,-1_area_sea_temperature_level,"('area', 0.05277378852688263)"
1,,,,"('sea', 0.05277378852688263)"
2,,,,"('temperature', 0.05033910447716068)"
3,,,,"('level', 0.047861705923840155)"
4,,,,"('future', 0.03471509235231039)"
5,,,,"('high', 0.03471509235231039)"
6,,,,"('island', 0.03471509235231039)"
7,,,,"('coastal', 0.03190140514523026)"
8,,,,"('increase', 0.02901093212787827)"
9,,,,"('model', 0.02901093212787827)"
