,Topic,Count,Name,-1
0,-1.0,23.0,-1_rainfall_trend_temperature_model,"('rainfall', 0.09083544225830015)"
1,,,,"('trend', 0.07300905566390037)"
2,,,,"('temperature', 0.06800777158819754)"
3,,,,"('model', 0.05752652486715405)"
4,,,,"('result', 0.03903809552065819)"
5,,,,"('precipitation', 0.03903809552065819)"
6,,,,"('annual', 0.03525680436979912)"
7,,,,"('future', 0.03266437366743876)"
8,,,,"('using', 0.03266437366743876)"
9,,,,"('used', 0.031344573199661475)"
