,Topic,Count,Name,-1
0,-1.0,74.0,-1_farmer_practice_agricultural_food,"('farmer', 0.08725971716812056)"
1,,,,"('practice', 0.04279910607886539)"
2,,,,"('agricultural', 0.04279910607886539)"
3,,,,"('food', 0.03437271375960186)"
4,,,,"('use', 0.03216635175399233)"
5,,,,"('household', 0.030820407988259555)"
6,,,,"('system', 0.030820407988259555)"
7,,,,"('strategy', 0.030820407988259555)"
8,,,,"('crop', 0.030367873213402074)"
9,,,,"('smallholder', 0.029913334656900072)"
