,Topic,Count,Name,-1
0,-1.0,32.0,-1_food_crop_production_yield,"('food', 0.07070534217191167)"
1,,,,"('crop', 0.05894121864336327)"
2,,,,"('production', 0.052003519415595056)"
3,,,,"('yield', 0.050575782782627206)"
4,,,,"('impact', 0.04091363376467136)"
5,,,,"('agricultural', 0.03619403410115954)"
6,,,,"('increase', 0.03538870131419129)"
7,,,,"('water', 0.03293746103122967)"
8,,,,"('productivity', 0.031272078467786915)"
9,,,,"('system', 0.031272078467786915)"
