,Topic,Count,Name,-1
0,-1.0,17.0,-1_farmer_shrimp_strategy_community,"('farmer', 0.06167968195003821)"
1,,,,"('shrimp', 0.05564413034916259)"
2,,,,"('strategy', 0.05564413034916259)"
3,,,,"('community', 0.047737970161527844)"
4,,,,"('risk', 0.047737970161527844)"
5,,,,"('fisher', 0.04610183127885817)"
6,,,,"('impact', 0.04276786782033777)"
7,,,,"('based', 0.03934459336721232)"
8,,,,"('practice', 0.03934459336721232)"
9,,,,"('adaptive', 0.035821866187510217)"
