,Topic,Count,Name,-1
0,-1.0,33.0,-1_coastal_sea_level_impact,"('coastal', 0.06121519645954167)"
1,,,,"('sea', 0.040554014173956314)"
2,,,,"('level', 0.03600597865145047)"
3,,,,"('impact', 0.033188882467417406)"
4,,,,"('area', 0.02732070058829325)"
5,,,,"('local', 0.02630804029088374)"
6,,,,"('management', 0.02528425786345636)"
7,,,,"('based', 0.02528425786345636)"
8,,,,"('in', 0.02528425786345636)"
9,,,,"('information', 0.02528425786345636)"
