,Topic,Count,Name,-1
0,-1.0,34.0,-1_community_farmer_food_local,"('community', 0.052272762369805326)"
1,,,,"('farmer', 0.046575634040591125)"
2,,,,"('food', 0.0449034240965028)"
3,,,,"('local', 0.03709561913928138)"
4,,,,"('system', 0.03528979553125907)"
5,,,,"('knowledge', 0.03437602863972805)"
6,,,,"('weather', 0.03252554636846157)"
7,,,,"('information', 0.02968818910306112)"
8,,,,"('strategy', 0.02968818910306112)"
9,,,,"('survey', 0.027751684885593795)"
