,Topic,Count,Name,-1
0,-1.0,34.0,-1_temperature_trend_change_effect,"('temperature', 0.0571934716210897)"
1,,,,"('trend', 0.04029298483603756)"
2,,,,"('change', 0.039471172550861224)"
3,,,,"('effect', 0.0361264454988811)"
4,,,,"('urban', 0.0361264454988811)"
5,,,,"('heat', 0.035275058983137694)"
6,,,,"('water', 0.03441722159053956)"
7,,,,"('increase', 0.03268136293998411)"
8,,,,"('land', 0.030917066941806057)"
9,,,,"('result', 0.03002362254683433)"
