,Topic,Count,Name,-1
0,-1.0,67.0,-1_drought_crop_water_model,"('drought', 0.05483359941919112)"
1,,,,"('crop', 0.05334734431547745)"
2,,,,"('water', 0.05070931438223045)"
3,,,,"('model', 0.04527955639304239)"
4,,,,"('production', 0.04166862378961499)"
5,,,,"('agricultural', 0.03920278195604096)"
6,,,,"('impact', 0.03753066634814856)"
7,,,,"('strategy', 0.0323638090804248)"
8,,,,"('data', 0.03013654347784552)"
9,,,,"('scenario', 0.029231988139613658)"
