,Topic,Count,Name,-1
0,-1.0,20.0,-1_social_disaster_risk_health,"('social', 0.04316832774691905)"
1,,,,"('disaster', 0.03988168965399032)"
2,,,,"('risk', 0.03820496270802848)"
3,,,,"('health', 0.03820496270802848)"
4,,,,"('public', 0.03650429897112685)"
5,,,,"('company', 0.03302525517672674)"
6,,,,"('private', 0.03302525517672674)"
7,,,,"('impact', 0.03302525517672674)"
8,,,,"('effort', 0.031243437888113627)"
9,,,,"('city', 0.031243437888113627)"
