,Topic,Count,Name,-1
0,-1.0,27.0,-1_assessment_policy_based_approach,"('assessment', 0.042920171547980536)"
1,,,,"('policy', 0.04174640152412378)"
2,,,,"('based', 0.04056159339924475)"
3,,,,"('approach', 0.04056159339924475)"
4,,,,"('development', 0.036936614927096635)"
5,,,,"('impact', 0.03445620933470552)"
6,,,,"('benefit', 0.03319516293936328)"
7,,,,"('system', 0.03319516293936328)"
8,,,,"('resilience', 0.03191933217128193)"
9,,,,"('ecosystem', 0.03191933217128193)"
