,Topic,Count,Name,-1
0,-1.0,23.0,-1_farmer_crop_farm_variety,"('farmer', 0.12807221947432543)"
1,,,,"('crop', 0.053329369101853714)"
2,,,,"('farm', 0.04407199365469348)"
3,,,,"('variety', 0.04165433102398966)"
4,,,,"('strategy', 0.04042795704326931)"
5,,,,"('tree', 0.03410088446722279)"
6,,,,"('production', 0.031467590239793446)"
7,,,,"('cocoa', 0.031467590239793446)"
8,,,,"('planting', 0.031467590239793446)"
9,,,,"('data', 0.02876654345238004)"
