,Topic,Count,Name,-1
0,-1.0,24.0,-1_household_strategy_farm_farmer,"('household', 0.07513261991571382)"
1,,,,"('strategy', 0.05952908036212375)"
2,,,,"('farm', 0.056218905944980045)"
3,,,,"('farmer', 0.04701041622511178)"
4,,,,"('data', 0.045815577987056)"
5,,,,"('perception', 0.042164744435679295)"
6,,,,"('crop', 0.03583249575870182)"
7,,,,"('factor', 0.0345241006256808)"
8,,,,"('income', 0.033200189189250634)"
9,,,,"('result', 0.03185997430533887)"
