,Topic,Count,Name,-1
0,-1.0,27.0,-1_yield_crop_wheat_rice,"('yield', 0.0940251002720471)"
1,,,,"('crop', 0.08986933259779309)"
2,,,,"('wheat', 0.0552412855888835)"
3,,,,"('rice', 0.04912182492759935)"
4,,,,"('model', 0.043653941076418436)"
5,,,,"('maize', 0.03987707683353433)"
6,,,,"('management', 0.03987707683353433)"
7,,,,"('region', 0.03794445520786061)"
8,,,,"('impact', 0.03597981880970815)"
9,,,,"('soil', 0.034984805530799606)"
