,Topic,Count,Name,-1
0,-1.0,28.0,-1_farmer_farm_strategy_agricultural,"('farmer', 0.14976602920573276)"
1,,,,"('farm', 0.053930857628125245)"
2,,,,"('strategy', 0.0512901640373046)"
3,,,,"('agricultural', 0.045855862618276344)"
4,,,,"('perception', 0.04210697038806512)"
5,,,,"('decision', 0.03922093991983847)"
6,,,,"('impact', 0.03824360403099286)"
7,,,,"('farming', 0.03824360403099286)"
8,,,,"('crop', 0.03725819058186425)"
9,,,,"('practice', 0.03626442600748419)"
