,Topic,Count,Name,-1
0,-1.0,22.0,-1_water_crop_production_impact,"('water', 0.0849272749086696)"
1,,,,"('crop', 0.06946871198114486)"
2,,,,"('production', 0.06175246366431013)"
3,,,,"('impact', 0.052446451833818394)"
4,,,,"('model', 0.05124123104096396)"
5,,,,"('strategy', 0.05002574817379301)"
6,,,,"('rice', 0.04119951146907149)"
7,,,,"('agricultural', 0.04119951146907149)"
8,,,,"('system', 0.03988803419520064)"
9,,,,"('result', 0.038562357228069596)"
