,Topic,Count,Name,-1
0,-1.0,24.0,-1_wheat_yield_crop_model,"('wheat', 0.09869066768000734)"
1,,,,"('yield', 0.09286043330851675)"
2,,,,"('crop', 0.08772205351459242)"
3,,,,"('model', 0.04230147920772126)"
4,,,,"('impact', 0.04230147920772126)"
5,,,,"('production', 0.04114351381288183)"
6,,,,"('effect', 0.03879465300892723)"
7,,,,"('temperature', 0.03639900067610034)"
8,,,,"('increase', 0.035182413104906336)"
9,,,,"('winter', 0.035182413104906336)"
