,Topic,Count,Name,-1
0,-1.0,23.0,-1_farmer_farm_perception_agricultural,"('farmer', 0.16470948329151522)"
1,,,,"('farm', 0.05330773489530997)"
2,,,,"('perception', 0.049491780822295425)"
3,,,,"('agricultural', 0.04819653325555751)"
4,,,,"('factor', 0.045568666300722864)"
5,,,,"('risk', 0.040149624478399724)"
6,,,,"('model', 0.037349031705864885)"
7,,,,"('strategy', 0.034479968501961576)"
8,,,,"('behavior', 0.034479968501961576)"
9,,,,"('system', 0.03301752710252016)"
