,Topic,Count,Name,-1
0,-1.0,16.0,-1_co2_yield_rice_increase,"('co2', 0.060781026417771514)"
1,,,,"('yield', 0.060781026417771514)"
2,,,,"('rice', 0.05534617362331678)"
3,,,,"('increase', 0.049705789831679)"
4,,,,"('crop', 0.040788233235783664)"
5,,,,"('system', 0.040788233235783664)"
6,,,,"('grain', 0.03767165196290336)"
7,,,,"('water', 0.0360822297683277)"
8,,,,"('area', 0.0360822297683277)"
9,,,,"('emission', 0.034470503541900815)"
