,Topic,Count,Name,-1
0,-1.0,28.0,-1_yield_crop_soil_temperature,"('yield', 0.06466839365669223)"
1,,,,"('crop', 0.06221786203885561)"
2,,,,"('soil', 0.045709745529082225)"
3,,,,"('temperature', 0.045709745529082225)"
4,,,,"('water', 0.039094639882299956)"
5,,,,"('drought', 0.038120252478266274)"
6,,,,"('model', 0.03713781973975503)"
7,,,,"('future', 0.03312189184709911)"
8,,,,"('management', 0.03209473740467577)"
9,,,,"('production', 0.03209473740467577)"
