,Topic,Count,Name,-1
0,-1.0,28.0,-1_crop_production_yield_temperature,"('crop', 0.07773008645755983)"
1,,,,"('production', 0.047178464458961865)"
2,,,,"('yield', 0.043992044511633056)"
3,,,,"('temperature', 0.04072559678709926)"
4,,,,"('maize', 0.04072559678709926)"
5,,,,"('agricultural', 0.03737073217768047)"
6,,,,"('land', 0.03737073217768047)"
7,,,,"('rice', 0.036517043399927965)"
8,,,,"('model', 0.036517043399927965)"
9,,,,"('agriculture', 0.034790444588503)"
