,Topic,Count,Name,-1
0,-1.0,28.0,-1_farmer_household_practice_data,"('farmer', 0.10091198733146332)"
1,,,,"('household', 0.05102928815537418)"
2,,,,"('practice', 0.04303870465690722)"
3,,,,"('data', 0.04303870465690722)"
4,,,,"('measure', 0.03885218753173966)"
5,,,,"('policy', 0.0377827988590864)"
6,,,,"('social', 0.03561439191464011)"
7,,,,"('farm', 0.034514611387591064)"
8,,,,"('strategy', 0.033403887500239274)"
9,,,,"('smallholder', 0.033403887500239274)"
