,Topic,Count,Name,-1
0,-1.0,19.0,-1_farmer_agricultural_practice_crop,"('farmer', 0.15232216069123344)"
1,,,,"('agricultural', 0.05920998658036957)"
2,,,,"('practice', 0.04816665560548126)"
3,,,,"('crop', 0.039702653262258324)"
4,,,,"('farm', 0.03793953520877041)"
5,,,,"('perception', 0.03614981023761539)"
6,,,,"('impact', 0.0343317875159482)"
7,,,,"('agriculture', 0.0343317875159482)"
8,,,,"('risk', 0.032483550256353105)"
9,,,,"('extension', 0.032483550256353105)"
