,Topic,Count,Name,-1
0,-1.0,29.0,-1_energy_impact_carbon_country,"('energy', 0.042226348426912974)"
1,,,,"('impact', 0.03823690006049269)"
2,,,,"('carbon', 0.03305310903725991)"
3,,,,"('country', 0.031986755135008385)"
4,,,,"('result', 0.02648255926820539)"
5,,,,"('data', 0.02534320790671369)"
6,,,,"('temperature', 0.024189389286359258)"
7,,,,"('area', 0.024189389286359258)"
8,,,,"('vulnerability', 0.024189389286359258)"
9,,,,"('mitigation', 0.024189389286359258)"
