,Topic,Count,Name,-1
0,-1.0,32.0,-1_water_increase_area_risk,"('water', 0.040365538998916164)"
1,,,,"('increase', 0.03963616694676124)"
2,,,,"('area', 0.035921282484936604)"
3,,,,"('risk', 0.032860418374427304)"
4,,,,"('year', 0.031297186084401026)"
5,,,,"('result', 0.03050677844393993)"
6,,,,"('emission', 0.027281862252693054)"
7,,,,"('flood', 0.027281862252693054)"
8,,,,"('level', 0.024790063036684518)"
9,,,,"('use', 0.022226811161719505)"
