,Topic,Count,Name,-1
0,-1.0,11.0,-1_crop_production_data_agricultural,"('crop', 0.07734870373910988)"
1,,,,"('production', 0.049267385795144086)"
2,,,,"('data', 0.049267385795144086)"
3,,,,"('agricultural', 0.04133556687918578)"
4,,,,"('resilience', 0.04133556687918578)"
5,,,,"('area', 0.04133556687918578)"
6,,,,"('rule', 0.03857877689157666)"
7,,,,"('extreme', 0.03857877689157666)"
8,,,,"('management', 0.03857877689157666)"
9,,,,"('system', 0.03575705748645429)"
