,Topic,Count,Name,-1
0,-1.0,10.0,-1_fishery_management_adaptive_ecosystem,"('fishery', 0.13642998663045405)"
1,,,,"('management', 0.12556798971036015)"
2,,,,"('adaptive', 0.06682475365147633)"
3,,,,"('ecosystem', 0.063800003115236)"
4,,,,"('approach', 0.06071767613742175)"
5,,,,"('social', 0.047724082408725534)"
6,,,,"('capacity', 0.047724082408725534)"
7,,,,"('policy', 0.044280887826447284)"
8,,,,"('impact', 0.040744432835912295)"
9,,,,"('strategy', 0.040744432835912295)"
