,Topic,Count,Name,-1
0,-1.0,58.0,-1_coastal_management_approach_local,"('coastal', 0.10294478252878528)"
1,,,,"('management', 0.04793289315292197)"
2,,,,"('approach', 0.046314150609470695)"
3,,,,"('local', 0.04189835357986107)"
4,,,,"('community', 0.04189835357986107)"
5,,,,"('impact', 0.036150351038330836)"
6,,,,"('sea', 0.034369700839367835)"
7,,,,"('planning', 0.033769812273375686)"
8,,,,"('risk', 0.033769812273375686)"
9,,,,"('framework', 0.03195011551038595)"
